#
# There is insufficient memory for the Java Runtime Environment to continue.
# Native memory allocation (mmap) failed to map 234881024 bytes for G1 virtual space
# Possible reasons:
#   The system is out of physical RAM or swap space
#   The process is running with CompressedOops enabled, and the Java Heap may be blocking the growth of the native heap
# Possible solutions:
#   Reduce memory load on the system
#   Increase physical memory or swap space
#   Check if swap backing store is full
#   Decrease Java heap size (-Xmx/-Xms)
#   Decrease number of Java threads
#   Decrease Java thread stack sizes (-Xss)
#   Set larger code cache with -XX:ReservedCodeCacheSize=
#   JVM is running with Unscaled Compressed Oops mode in which the Java heap is
#     placed in the first 4GB address space. The Java Heap base address is the
#     maximum limit for the native heap growth. Please use -XX:HeapBaseMinAddress
#     to set the Java Heap base and to place the Java Heap above 4GB virtual address.
# This output file may be truncated or incomplete.
#
#  Out of Memory Error (os_windows.cpp:3527), pid=31516, tid=30744
#
# JRE version: Java(TM) SE Runtime Environment (19.0.1+10) (build 19.0.1+10-21)
# Java VM: Java HotSpot(TM) 64-Bit Server VM (19.0.1+10-21, mixed mode, sharing, tiered, compressed oops, compressed class ptrs, g1 gc, windows-amd64)
# No core dump will be written. Minidumps are not enabled by default on client versions of Windows
#

---------------  S U M M A R Y ------------

Command Line: --add-opens=java.base/java.lang=ALL-UNNAMED --add-opens=java.base/java.lang.invoke=ALL-UNNAMED --add-opens=java.base/java.util=ALL-UNNAMED --add-opens=java.prefs/java.util.prefs=ALL-UNNAMED --add-exports=jdk.compiler/com.sun.tools.javac.api=ALL-UNNAMED --add-exports=jdk.compiler/com.sun.tools.javac.util=ALL-UNNAMED --add-opens=java.base/java.util=ALL-UNNAMED --add-opens=java.prefs/java.util.prefs=ALL-UNNAMED --add-opens=java.base/java.nio.charset=ALL-UNNAMED --add-opens=java.base/java.net=ALL-UNNAMED --add-opens=java.base/java.util.concurrent.atomic=ALL-UNNAMED --add-opens=java.xml/javax.xml.namespace=ALL-UNNAMED -XX:MaxMetaspaceSize=512m -Xmx2048m -Dfile.encoding=UTF-8 -Duser.country=CM -Duser.language=fr -Duser.variant -javaagent:C:\Users\Mr. Lonely\.gradle\wrapper\dists\gradle-8.13-bin\5xuhj0ry160q40clulazy9h7d\gradle-8.13\lib\agents\gradle-instrumentation-agent-8.13.jar org.gradle.launcher.daemon.bootstrap.GradleDaemon 8.13

Host: Intel(R) Core(TM) i5-8365U CPU @ 1.60GHz, 8 cores, 7G,  Windows 11 , 64 bit Build 26100 (10.0.26100.3912)
Time: Sat Jun 21 07:49:26 2025 Afr. centrale Ouest elapsed time: 58.525348 seconds (0d 0h 0m 58s)

---------------  T H R E A D  ---------------

Current thread (0x000001e27890e010):  VMThread "VM Thread" [stack: 0x00000023ff100000,0x00000023ff200000] [id=30744]

Stack: [0x00000023ff100000,0x00000023ff200000]
Native frames: (J=compiled Java code, j=interpreted, Vv=VM code, C=native code)
V  [jvm.dll+0x6ee8fa]
V  [jvm.dll+0x857a1e]
V  [jvm.dll+0x85940e]
V  [jvm.dll+0x859ac3]
V  [jvm.dll+0x28291f]
V  [jvm.dll+0x6eb6e9]
V  [jvm.dll+0x6e028a]
V  [jvm.dll+0x357136]
V  [jvm.dll+0x35eb96]
V  [jvm.dll+0x3b555e]
V  [jvm.dll+0x3b578f]
V  [jvm.dll+0x32c6ea]
V  [jvm.dll+0x32c797]
V  [jvm.dll+0x374b52]
V  [jvm.dll+0x37328f]
V  [jvm.dll+0x32bf10]
V  [jvm.dll+0x37282b]
V  [jvm.dll+0x85ef83]
V  [jvm.dll+0x85fd49]
V  [jvm.dll+0x86027d]
V  [jvm.dll+0x86070b]
V  [jvm.dll+0x8607c7]
V  [jvm.dll+0x8015fa]
V  [jvm.dll+0x6ed5eb]
C  [ucrtbase.dll+0x37b0]
C  [KERNEL32.DLL+0x2e8d7]
C  [ntdll.dll+0x9c5dc]

VM_Operation (0x00000023835fd290): G1CollectForAllocation, mode: safepoint, requested by thread 0x000001e2021f22c0


---------------  P R O C E S S  ---------------

Threads class SMR info:
_java_thread_list=0x000001e201dbbee0, length=146, elements={
0x000001e25805b2a0, 0x000001e27cc0bd00, 0x000001e27cc0c730, 0x000001e27cc101b0,
0x000001e27cc14e80, 0x000001e27cc157b0, 0x000001e27cc160e0, 0x000001e27cc174e0,
0x000001e27cc1b340, 0x000001e27cc573c0, 0x000001e27cd3b6d0, 0x000001e27ce9fca0,
0x000001e27df784c0, 0x000001e27e65f5d0, 0x000001e27e5a3590, 0x000001e27ebb1030,
0x000001e27ebb77b0, 0x000001e27eb88450, 0x000001e27eb41bf0, 0x000001e27eb471b0,
0x000001e27eb45720, 0x000001e27eb45c70, 0x000001e27eb46710, 0x000001e27eb481a0,
0x000001e27eb46c60, 0x000001e27eb47c50, 0x000001e27eb461c0, 0x000001e27eb47700,
0x000001e27eb451d0, 0x000001e2006e2960, 0x000001e2006e2410, 0x000001e2006e0980,
0x000001e2006deef0, 0x000001e2006e0ed0, 0x000001e2006e1ec0, 0x000001e2006e1420,
0x000001e2006e1970, 0x000001e2006e2eb0, 0x000001e2006dfee0, 0x000001e2006df440,
0x000001e2006e3ea0, 0x000001e2006e3950, 0x000001e2006e4e90, 0x000001e2006e43f0,
0x000001e2006e53e0, 0x000001e2006e4940, 0x000001e2006e5930, 0x000001e2006e5e80,
0x000001e2006e63d0, 0x000001e2006e6920, 0x000001e2021efd90, 0x000001e2021f0d80,
0x000001e2021f32b0, 0x000001e2021f12d0, 0x000001e2021f02e0, 0x000001e2021f22c0,
0x000001e2021f1820, 0x000001e2021f2810, 0x000001e2021f2d60, 0x000001e2021f0830,
0x000001e200add710, 0x000001e200adcc70, 0x000001e200adf6f0, 0x000001e200adbc80,
0x000001e200ae0190, 0x000001e200adf1a0, 0x000001e200adc720, 0x000001e200ae2170,
0x000001e200ae36b0, 0x000001e200ae26c0, 0x000001e200ae2c10, 0x000001e200ae06e0,
0x000001e200ae3160, 0x000001e200ae1180, 0x000001e200ae0c30, 0x000001e200ae16d0,
0x000001e200ae1c20, 0x000001e201d17b80, 0x000001e201d16640, 0x000001e201d14110,
0x000001e201d160f0, 0x000001e201d15ba0, 0x000001e201d16b90, 0x000001e201d17630,
0x000001e201d170e0, 0x000001e201d180d0, 0x000001e201d14660, 0x000001e201d18620,
0x000001e201d14bb0, 0x000001e201d18b70, 0x000001e201d15100, 0x000001e201d190c0,
0x000001e201d15650, 0x000001e201d1b0a0, 0x000001e201d1b5f0, 0x000001e201d19610,
0x000001e201d19b60, 0x000001e201d1a0b0, 0x000001e201d1a600, 0x000001e201d1ab50,
0x000001e201d1bb40, 0x000001e2021f8040, 0x000001e2021f9580, 0x000001e2021f9ad0,
0x000001e2021fb010, 0x000001e2021f8ae0, 0x000001e2021fa020, 0x000001e2021fb560,
0x000001e2021faac0, 0x000001e2021f7af0, 0x000001e2021fbab0, 0x000001e2021fc000,
0x000001e2021f8590, 0x000001e2021fc550, 0x000001e2021fcaa0, 0x000001e2021f9030,
0x000001e2021fea80, 0x000001e2021ff520, 0x000001e2021fd540, 0x000001e2021fefd0,
0x000001e2021fcff0, 0x000001e2021fda90, 0x000001e2021fdfe0, 0x000001e2021fe530,
0x000001e27ec86920, 0x000001e27ec86e70, 0x000001e27ec85930, 0x000001e27ec87e60,
0x000001e27ec88e50, 0x000001e27ec873c0, 0x000001e27ec87910, 0x000001e27ec883b0,
0x000001e27ec88900, 0x000001e27ec893a0, 0x000001e27ec898f0, 0x000001e27ec8d360,
0x000001e27ec8b380, 0x000001e27ec89e40, 0x000001e27ec8a390, 0x000001e27ec8b8d0,
0x000001e27ec8be20, 0x000001e27ec8c370, 0x000001e203d36b40, 0x000001e203d37090,
0x000001e203d395c0, 0x000001e201441c70
}

Java Threads: ( => current thread )
  0x000001e25805b2a0 JavaThread "main" [_thread_blocked, id=24548, stack(0x00000023feb00000,0x00000023fec00000)]
  0x000001e27cc0bd00 JavaThread "Reference Handler" daemon [_thread_blocked, id=19736, stack(0x00000023ff200000,0x00000023ff300000)]
  0x000001e27cc0c730 JavaThread "Finalizer" daemon [_thread_blocked, id=12396, stack(0x00000023ff300000,0x00000023ff400000)]
  0x000001e27cc101b0 JavaThread "Signal Dispatcher" daemon [_thread_blocked, id=6772, stack(0x00000023ff400000,0x00000023ff500000)]
  0x000001e27cc14e80 JavaThread "Attach Listener" daemon [_thread_blocked, id=26824, stack(0x00000023ff500000,0x00000023ff600000)]
  0x000001e27cc157b0 JavaThread "Service Thread" daemon [_thread_blocked, id=33284, stack(0x00000023ff600000,0x00000023ff700000)]
  0x000001e27cc160e0 JavaThread "Monitor Deflation Thread" daemon [_thread_blocked, id=24300, stack(0x00000023ff700000,0x00000023ff800000)]
  0x000001e27cc174e0 JavaThread "C2 CompilerThread0" daemon [_thread_blocked, id=10608, stack(0x00000023ff800000,0x00000023ff900000)]
  0x000001e27cc1b340 JavaThread "C1 CompilerThread0" daemon [_thread_blocked, id=180, stack(0x00000023ff900000,0x00000023ffa00000)]
  0x000001e27cc573c0 JavaThread "Sweeper thread" daemon [_thread_blocked, id=16016, stack(0x00000023ffa00000,0x00000023ffb00000)]
  0x000001e27cd3b6d0 JavaThread "Common-Cleaner" daemon [_thread_blocked, id=12624, stack(0x00000023ffb00000,0x00000023ffc00000)]
  0x000001e27ce9fca0 JavaThread "Notification Thread" daemon [_thread_blocked, id=6980, stack(0x00000023ffc00000,0x00000023ffd00000)]
  0x000001e27df784c0 JavaThread "Daemon health stats" [_thread_blocked, id=20256, stack(0x0000002380500000,0x0000002380600000)]
  0x000001e27e65f5d0 JavaThread "Incoming local TCP Connector on port 56805" [_thread_in_native, id=27176, stack(0x0000002380300000,0x0000002380400000)]
  0x000001e27e5a3590 JavaThread "Daemon periodic checks" [_thread_blocked, id=28608, stack(0x0000002380600000,0x0000002380700000)]
  0x000001e27ebb1030 JavaThread "Daemon" [_thread_blocked, id=33072, stack(0x0000002380700000,0x0000002380800000)]
  0x000001e27ebb77b0 JavaThread "Handler for socket connection from /127.0.0.1:56805 to /127.0.0.1:56806" [_thread_in_native, id=20288, stack(0x0000002380800000,0x0000002380900000)]
  0x000001e27eb88450 JavaThread "Cancel handler" [_thread_blocked, id=26864, stack(0x0000002380900000,0x0000002380a00000)]
  0x000001e27eb41bf0 JavaThread "Daemon worker" [_thread_blocked, id=26804, stack(0x0000002380a00000,0x0000002380b00000)]
  0x000001e27eb471b0 JavaThread "Asynchronous log dispatcher for DefaultDaemonConnection: socket connection from /127.0.0.1:56805 to /127.0.0.1:56806" [_thread_blocked, id=34924, stack(0x0000002380b00000,0x0000002380c00000)]
  0x000001e27eb45720 JavaThread "Stdin handler" [_thread_blocked, id=27436, stack(0x0000002380c00000,0x0000002380d00000)]
  0x000001e27eb45c70 JavaThread "Daemon client event forwarder" [_thread_blocked, id=27968, stack(0x0000002380d00000,0x0000002380e00000)]
  0x000001e27eb46710 JavaThread "Cache worker for journal cache (C:\Users\Mr. Lonely\.gradle\caches\journal-1)" [_thread_blocked, id=28992, stack(0x0000002380e00000,0x0000002380f00000)]
  0x000001e27eb481a0 JavaThread "File lock request listener" [_thread_in_native, id=29876, stack(0x0000002380f00000,0x0000002381000000)]
  0x000001e27eb46c60 JavaThread "Cache worker for file hash cache (C:\Users\Mr. Lonely\.gradle\caches\8.13\fileHashes)" [_thread_blocked, id=19352, stack(0x0000002381000000,0x0000002381100000)]
  0x000001e27eb47c50 JavaThread "Cache worker for file hash cache (C:\Users\Mr. Lonely\Desktop\CookEasy\android\.gradle\8.13\fileHashes)" [_thread_blocked, id=28088, stack(0x0000002381500000,0x0000002381600000)]
  0x000001e27eb461c0 JavaThread "Cache worker for Build Output Cleanup Cache (C:\Users\Mr. Lonely\Desktop\CookEasy\android\.gradle\buildOutputCleanup)" [_thread_blocked, id=22956, stack(0x0000002381600000,0x0000002381700000)]
  0x000001e27eb47700 JavaThread "File watcher server" daemon [_thread_in_native, id=27792, stack(0x0000002381700000,0x0000002381800000)]
  0x000001e27eb451d0 JavaThread "File watcher consumer" daemon [_thread_blocked, id=22004, stack(0x0000002381800000,0x0000002381900000)]
  0x000001e2006e2960 JavaThread "jar transforms" [_thread_blocked, id=32648, stack(0x0000002381a00000,0x0000002381b00000)]
  0x000001e2006e2410 JavaThread "Cache worker for checksums cache (C:\Users\Mr. Lonely\Desktop\CookEasy\android\.gradle\8.13\checksums)" [_thread_blocked, id=19644, stack(0x0000002381b00000,0x0000002381c00000)]
  0x000001e2006e0980 JavaThread "Cache worker for file content cache (C:\Users\Mr. Lonely\.gradle\caches\8.13\fileContent)" [_thread_blocked, id=21840, stack(0x0000002381c00000,0x0000002381d00000)]
  0x000001e2006deef0 JavaThread "Cache worker for cache directory md-supplier (C:\Users\Mr. Lonely\.gradle\caches\8.13\md-supplier)" [_thread_blocked, id=25836, stack(0x0000002381900000,0x0000002381a00000)]
  0x000001e2006e0ed0 JavaThread "Cache worker for cache directory md-rule (C:\Users\Mr. Lonely\.gradle\caches\8.13\md-rule)" [_thread_blocked, id=7328, stack(0x0000002381d00000,0x0000002381e00000)]
  0x000001e2006e1ec0 JavaThread "Cache worker for Build Output Cleanup Cache (C:\Users\Mr. Lonely\Desktop\CookEasy\node_modules\@react-native\gradle-plugin\.gradle\buildOutputCleanup)" [_thread_blocked, id=25640, stack(0x0000002381e00000,0x0000002381f00000)]
  0x000001e2006e1420 JavaThread "Unconstrained build operations" [_thread_blocked, id=5036, stack(0x0000002381300000,0x0000002381400000)]
  0x000001e2006e1970 JavaThread "Unconstrained build operations Thread 2" [_thread_blocked, id=15616, stack(0x0000002381f00000,0x0000002382000000)]
  0x000001e2006e2eb0 JavaThread "Unconstrained build operations Thread 3" [_thread_blocked, id=11928, stack(0x0000002382100000,0x0000002382200000)]
  0x000001e2006dfee0 JavaThread "Unconstrained build operations Thread 4" [_thread_blocked, id=33892, stack(0x0000002382200000,0x0000002382300000)]
  0x000001e2006df440 JavaThread "Unconstrained build operations Thread 5" [_thread_blocked, id=21120, stack(0x0000002382400000,0x0000002382500000)]
  0x000001e2006e3ea0 JavaThread "Unconstrained build operations Thread 6" [_thread_blocked, id=20900, stack(0x0000002382500000,0x0000002382600000)]
  0x000001e2006e3950 JavaThread "Unconstrained build operations Thread 7" [_thread_blocked, id=21912, stack(0x0000002382700000,0x0000002382800000)]
  0x000001e2006e4e90 JavaThread "Unconstrained build operations Thread 8" [_thread_blocked, id=35052, stack(0x0000002382800000,0x0000002382900000)]
  0x000001e2006e43f0 JavaThread "Unconstrained build operations Thread 9" [_thread_blocked, id=23860, stack(0x0000002382900000,0x0000002382a00000)]
  0x000001e2006e53e0 JavaThread "Unconstrained build operations Thread 10" [_thread_blocked, id=27928, stack(0x0000002382a00000,0x0000002382b00000)]
  0x000001e2006e4940 JavaThread "Unconstrained build operations Thread 11" [_thread_blocked, id=15272, stack(0x0000002382b00000,0x0000002382c00000)]
  0x000001e2006e5930 JavaThread "Unconstrained build operations Thread 12" [_thread_blocked, id=23308, stack(0x0000002382c00000,0x0000002382d00000)]
  0x000001e2006e5e80 JavaThread "Unconstrained build operations Thread 13" [_thread_blocked, id=31836, stack(0x0000002382d00000,0x0000002382e00000)]
  0x000001e2006e63d0 JavaThread "Unconstrained build operations Thread 14" [_thread_blocked, id=26684, stack(0x0000002382e00000,0x0000002382f00000)]
  0x000001e2006e6920 JavaThread "Unconstrained build operations Thread 15" [_thread_blocked, id=27384, stack(0x0000002382f00000,0x0000002383000000)]
  0x000001e2021efd90 JavaThread "Unconstrained build operations Thread 16" [_thread_blocked, id=30468, stack(0x0000002383000000,0x0000002383100000)]
  0x000001e2021f0d80 JavaThread "Unconstrained build operations Thread 17" [_thread_blocked, id=23696, stack(0x0000002383100000,0x0000002383200000)]
  0x000001e2021f32b0 JavaThread "Unconstrained build operations Thread 18" [_thread_blocked, id=14636, stack(0x0000002383200000,0x0000002383300000)]
  0x000001e2021f12d0 JavaThread "Unconstrained build operations Thread 19" [_thread_blocked, id=34256, stack(0x0000002383300000,0x0000002383400000)]
  0x000001e2021f02e0 JavaThread "Unconstrained build operations Thread 20" [_thread_blocked, id=27008, stack(0x0000002383400000,0x0000002383500000)]
  0x000001e2021f22c0 JavaThread "Unconstrained build operations Thread 21" [_thread_blocked, id=30152, stack(0x0000002383500000,0x0000002383600000)]
  0x000001e2021f1820 JavaThread "Unconstrained build operations Thread 22" [_thread_blocked, id=21564, stack(0x0000002383600000,0x0000002383700000)]
  0x000001e2021f2810 JavaThread "Unconstrained build operations Thread 23" [_thread_blocked, id=22480, stack(0x0000002383700000,0x0000002383800000)]
  0x000001e2021f2d60 JavaThread "Unconstrained build operations Thread 24" [_thread_blocked, id=5124, stack(0x0000002383800000,0x0000002383900000)]
  0x000001e2021f0830 JavaThread "Unconstrained build operations Thread 25" [_thread_blocked, id=15644, stack(0x0000002383900000,0x0000002383a00000)]
  0x000001e200add710 JavaThread "Unconstrained build operations Thread 26" [_thread_blocked, id=32292, stack(0x0000002383a00000,0x0000002383b00000)]
  0x000001e200adcc70 JavaThread "Unconstrained build operations Thread 27" [_thread_blocked, id=34644, stack(0x0000002383b00000,0x0000002383c00000)]
  0x000001e200adf6f0 JavaThread "build event listener" [_thread_blocked, id=27496, stack(0x0000002382600000,0x0000002382700000)]
  0x000001e200adbc80 JavaThread "Memory manager" [_thread_blocked, id=1792, stack(0x0000002382300000,0x0000002382400000)]
  0x000001e200ae0190 JavaThread "ForkJoinPool.commonPool-worker-1" daemon [_thread_blocked, id=34292, stack(0x0000002383f00000,0x0000002384000000)]
  0x000001e200adf1a0 JavaThread "ForkJoinPool.commonPool-worker-2" daemon [_thread_blocked, id=12236, stack(0x0000002384000000,0x0000002384100000)]
  0x000001e200adc720 JavaThread "ForkJoinPool.commonPool-worker-3" daemon [_thread_blocked, id=5508, stack(0x0000002384100000,0x0000002384200000)]
  0x000001e200ae2170 JavaThread "ForkJoinPool.commonPool-worker-4" daemon [_thread_blocked, id=26032, stack(0x0000002384200000,0x0000002384300000)]
  0x000001e200ae36b0 JavaThread "ForkJoinPool.commonPool-worker-5" daemon [_thread_blocked, id=14700, stack(0x0000002384300000,0x0000002384400000)]
  0x000001e200ae26c0 JavaThread "ForkJoinPool.commonPool-worker-6" daemon [_thread_blocked, id=21008, stack(0x0000002384400000,0x0000002384500000)]
  0x000001e200ae2c10 JavaThread "ForkJoinPool.commonPool-worker-7" daemon [_thread_blocked, id=33400, stack(0x0000002384500000,0x0000002384600000)]
  0x000001e200ae06e0 JavaThread "Exec process" [_thread_blocked, id=19696, stack(0x0000002384600000,0x0000002384700000)]
  0x000001e200ae3160 JavaThread "Exec process Thread 2" [_thread_blocked, id=16496, stack(0x0000002384700000,0x0000002384800000)]
  0x000001e200ae1180 JavaThread "Exec process Thread 3" [_thread_blocked, id=33304, stack(0x0000002384800000,0x0000002384900000)]
  0x000001e200ae0c30 JavaThread "included builds" [_thread_blocked, id=18768, stack(0x0000002383c00000,0x0000002383d00000)]
  0x000001e200ae16d0 JavaThread "Execution worker" [_thread_blocked, id=332, stack(0x0000002384900000,0x0000002384a00000)]
  0x000001e200ae1c20 JavaThread "Execution worker Thread 2" [_thread_blocked, id=24204, stack(0x0000002384a00000,0x0000002384b00000)]
  0x000001e201d17b80 JavaThread "Execution worker Thread 3" [_thread_blocked, id=22932, stack(0x0000002384b00000,0x0000002384c00000)]
  0x000001e201d16640 JavaThread "Execution worker Thread 4" [_thread_blocked, id=29692, stack(0x0000002384c00000,0x0000002384d00000)]
  0x000001e201d14110 JavaThread "Execution worker Thread 5" [_thread_blocked, id=35584, stack(0x0000002384d00000,0x0000002384e00000)]
  0x000001e201d160f0 JavaThread "Execution worker Thread 6" [_thread_blocked, id=24060, stack(0x0000002384e00000,0x0000002384f00000)]
  0x000001e201d15ba0 JavaThread "Execution worker Thread 7" [_thread_blocked, id=33276, stack(0x0000002384f00000,0x0000002385000000)]
  0x000001e201d16b90 JavaThread "Cache worker for execution history cache (C:\Users\Mr. Lonely\Desktop\CookEasy\node_modules\@react-native\gradle-plugin\.gradle\8.13\executionHistory)" [_thread_blocked, id=25992, stack(0x0000002385000000,0x0000002385100000)]
  0x000001e201d17630 JavaThread "Unconstrained build operations Thread 28" [_thread_blocked, id=31956, stack(0x0000002385200000,0x0000002385300000)]
  0x000001e201d170e0 JavaThread "Unconstrained build operations Thread 29" [_thread_blocked, id=604, stack(0x0000002385300000,0x0000002385400000)]
  0x000001e201d180d0 JavaThread "Unconstrained build operations Thread 30" [_thread_blocked, id=25096, stack(0x0000002385400000,0x0000002385500000)]
  0x000001e201d14660 JavaThread "Unconstrained build operations Thread 31" [_thread_blocked, id=10856, stack(0x0000002385500000,0x0000002385600000)]
  0x000001e201d18620 JavaThread "Unconstrained build operations Thread 32" [_thread_blocked, id=26900, stack(0x0000002385600000,0x0000002385700000)]
  0x000001e201d14bb0 JavaThread "Unconstrained build operations Thread 33" [_thread_blocked, id=27916, stack(0x0000002385700000,0x0000002385800000)]
  0x000001e201d18b70 JavaThread "Unconstrained build operations Thread 34" [_thread_blocked, id=6188, stack(0x0000002385800000,0x0000002385900000)]
  0x000001e201d15100 JavaThread "Unconstrained build operations Thread 35" [_thread_blocked, id=24248, stack(0x0000002385900000,0x0000002385a00000)]
  0x000001e201d190c0 JavaThread "Unconstrained build operations Thread 36" [_thread_blocked, id=34480, stack(0x0000002385a00000,0x0000002385b00000)]
  0x000001e201d15650 JavaThread "Unconstrained build operations Thread 37" [_thread_blocked, id=34416, stack(0x0000002385b00000,0x0000002385c00000)]
  0x000001e201d1b0a0 JavaThread "Unconstrained build operations Thread 38" [_thread_blocked, id=5064, stack(0x0000002385c00000,0x0000002385d00000)]
  0x000001e201d1b5f0 JavaThread "Unconstrained build operations Thread 39" [_thread_blocked, id=12988, stack(0x0000002385d00000,0x0000002385e00000)]
  0x000001e201d19610 JavaThread "Unconstrained build operations Thread 40" [_thread_blocked, id=20284, stack(0x0000002385e00000,0x0000002385f00000)]
  0x000001e201d19b60 JavaThread "Unconstrained build operations Thread 41" [_thread_blocked, id=31556, stack(0x0000002385f00000,0x0000002386000000)]
  0x000001e201d1a0b0 JavaThread "Unconstrained build operations Thread 42" [_thread_blocked, id=28556, stack(0x0000002386000000,0x0000002386100000)]
  0x000001e201d1a600 JavaThread "Unconstrained build operations Thread 43" [_thread_blocked, id=20408, stack(0x0000002386100000,0x0000002386200000)]
  0x000001e201d1ab50 JavaThread "Unconstrained build operations Thread 44" [_thread_blocked, id=2172, stack(0x0000002386200000,0x0000002386300000)]
  0x000001e201d1bb40 JavaThread "Unconstrained build operations Thread 45" [_thread_blocked, id=14588, stack(0x0000002386300000,0x0000002386400000)]
  0x000001e2021f8040 JavaThread "Unconstrained build operations Thread 46" [_thread_blocked, id=25324, stack(0x0000002386400000,0x0000002386500000)]
  0x000001e2021f9580 JavaThread "Unconstrained build operations Thread 47" [_thread_blocked, id=14412, stack(0x0000002386500000,0x0000002386600000)]
  0x000001e2021f9ad0 JavaThread "Unconstrained build operations Thread 48" [_thread_blocked, id=6700, stack(0x0000002386600000,0x0000002386700000)]
  0x000001e2021fb010 JavaThread "Unconstrained build operations Thread 49" [_thread_blocked, id=35588, stack(0x0000002386700000,0x0000002386800000)]
  0x000001e2021f8ae0 JavaThread "Unconstrained build operations Thread 50" [_thread_blocked, id=19900, stack(0x0000002386800000,0x0000002386900000)]
  0x000001e2021fa020 JavaThread "Unconstrained build operations Thread 51" [_thread_blocked, id=6444, stack(0x0000002386900000,0x0000002386a00000)]
  0x000001e2021fb560 JavaThread "Unconstrained build operations Thread 52" [_thread_blocked, id=19920, stack(0x0000002386a00000,0x0000002386b00000)]
  0x000001e2021faac0 JavaThread "Unconstrained build operations Thread 53" [_thread_blocked, id=13184, stack(0x0000002386b00000,0x0000002386c00000)]
  0x000001e2021f7af0 JavaThread "Unconstrained build operations Thread 54" [_thread_blocked, id=10692, stack(0x0000002386c00000,0x0000002386d00000)]
  0x000001e2021fbab0 JavaThread "Unconstrained build operations Thread 55" [_thread_blocked, id=9880, stack(0x0000002386d00000,0x0000002386e00000)]
  0x000001e2021fc000 JavaThread "Unconstrained build operations Thread 56" [_thread_blocked, id=12724, stack(0x0000002386e00000,0x0000002386f00000)]
  0x000001e2021f8590 JavaThread "Unconstrained build operations Thread 57" [_thread_blocked, id=30580, stack(0x0000002386f00000,0x0000002387000000)]
  0x000001e2021fc550 JavaThread "Unconstrained build operations Thread 58" [_thread_blocked, id=33044, stack(0x0000002387000000,0x0000002387100000)]
  0x000001e2021fcaa0 JavaThread "Unconstrained build operations Thread 59" [_thread_blocked, id=34308, stack(0x0000002387100000,0x0000002387200000)]
  0x000001e2021f9030 JavaThread "Unconstrained build operations Thread 60" [_thread_blocked, id=20156, stack(0x0000002387200000,0x0000002387300000)]
  0x000001e2021fea80 JavaThread "Unconstrained build operations Thread 61" [_thread_blocked, id=7012, stack(0x0000002387300000,0x0000002387400000)]
  0x000001e2021ff520 JavaThread "Unconstrained build operations Thread 62" [_thread_blocked, id=33272, stack(0x0000002387400000,0x0000002387500000)]
  0x000001e2021fd540 JavaThread "Unconstrained build operations Thread 63" [_thread_blocked, id=11712, stack(0x0000002387500000,0x0000002387600000)]
  0x000001e2021fefd0 JavaThread "Unconstrained build operations Thread 64" [_thread_blocked, id=33576, stack(0x0000002387600000,0x0000002387700000)]
  0x000001e2021fcff0 JavaThread "Unconstrained build operations Thread 65" [_thread_blocked, id=26440, stack(0x0000002387700000,0x0000002387800000)]
  0x000001e2021fda90 JavaThread "Unconstrained build operations Thread 66" [_thread_blocked, id=15700, stack(0x0000002387800000,0x0000002387900000)]
  0x000001e2021fdfe0 JavaThread "Unconstrained build operations Thread 67" [_thread_blocked, id=26876, stack(0x0000002387900000,0x0000002387a00000)]
  0x000001e2021fe530 JavaThread "Unconstrained build operations Thread 68" [_thread_blocked, id=31976, stack(0x0000002387a00000,0x0000002387b00000)]
  0x000001e27ec86920 JavaThread "Unconstrained build operations Thread 69" [_thread_blocked, id=13080, stack(0x0000002387b00000,0x0000002387c00000)]
  0x000001e27ec86e70 JavaThread "Unconstrained build operations Thread 70" [_thread_blocked, id=22204, stack(0x0000002387c00000,0x0000002387d00000)]
  0x000001e27ec85930 JavaThread "Unconstrained build operations Thread 71" [_thread_blocked, id=23620, stack(0x0000002387d00000,0x0000002387e00000)]
  0x000001e27ec87e60 JavaThread "Unconstrained build operations Thread 72" [_thread_blocked, id=30028, stack(0x0000002387e00000,0x0000002387f00000)]
  0x000001e27ec88e50 JavaThread "Unconstrained build operations Thread 73" [_thread_blocked, id=34508, stack(0x0000002387f00000,0x0000002388000000)]
  0x000001e27ec873c0 JavaThread "Unconstrained build operations Thread 74" [_thread_blocked, id=33448, stack(0x0000002388000000,0x0000002388100000)]
  0x000001e27ec87910 JavaThread "Unconstrained build operations Thread 75" [_thread_blocked, id=28924, stack(0x0000002388100000,0x0000002388200000)]
  0x000001e27ec883b0 JavaThread "Unconstrained build operations Thread 76" [_thread_blocked, id=11056, stack(0x0000002388200000,0x0000002388300000)]
  0x000001e27ec88900 JavaThread "Unconstrained build operations Thread 77" [_thread_blocked, id=19740, stack(0x0000002388300000,0x0000002388400000)]
  0x000001e27ec893a0 JavaThread "jar transforms Thread 2" [_thread_blocked, id=19056, stack(0x0000002388400000,0x0000002388500000)]
  0x000001e27ec898f0 JavaThread "jar transforms Thread 3" [_thread_blocked, id=27440, stack(0x0000002388500000,0x0000002388600000)]
  0x000001e27ec8d360 JavaThread "Unconstrained build operations Thread 78" [_thread_blocked, id=34512, stack(0x0000002388600000,0x0000002388700000)]
  0x000001e27ec8b380 JavaThread "Unconstrained build operations Thread 79" [_thread_blocked, id=21900, stack(0x0000002388700000,0x0000002388800000)]
  0x000001e27ec89e40 JavaThread "Unconstrained build operations Thread 80" [_thread_blocked, id=20908, stack(0x0000002388800000,0x0000002388900000)]
  0x000001e27ec8a390 JavaThread "jar transforms Thread 4" [_thread_blocked, id=25560, stack(0x0000002388900000,0x0000002388a00000)]
  0x000001e27ec8b8d0 JavaThread "jar transforms Thread 5" [_thread_blocked, id=25064, stack(0x0000002388a00000,0x0000002388b00000)]
  0x000001e27ec8be20 JavaThread "jar transforms Thread 6" [_thread_blocked, id=11536, stack(0x0000002388b00000,0x0000002388c00000)]
  0x000001e27ec8c370 JavaThread "Problems report writer" [_thread_blocked, id=21744, stack(0x0000002388c00000,0x0000002388d00000)]
  0x000001e203d36b40 JavaThread "build event listener" [_thread_blocked, id=32684, stack(0x0000002388d00000,0x0000002388e00000)]
  0x000001e203d37090 JavaThread "jar transforms Thread 7" [_thread_blocked, id=27024, stack(0x0000002385100000,0x0000002385200000)]
  0x000001e203d395c0 JavaThread "jar transforms Thread 8" [_thread_blocked, id=20124, stack(0x0000002388e00000,0x0000002388f00000)]
  0x000001e201441c70 JavaThread "C2 CompilerThread1" daemon [_thread_blocked, id=9124, stack(0x0000002388f00000,0x0000002389000000)]

Other Threads:
=>0x000001e27890e010 VMThread "VM Thread" [stack: 0x00000023ff100000,0x00000023ff200000] [id=30744]
  0x000001e27ce9f7d0 WatcherThread "VM Periodic Task Thread" [stack: 0x00000023ffd00000,0x00000023ffe00000] [id=13232]
  0x000001e2580bcf30 WorkerThread "GC Thread#0" [stack: 0x00000023fec00000,0x00000023fed00000] [id=24376]
  0x000001e27d1cfdd0 WorkerThread "GC Thread#1" [stack: 0x00000023fff00000,0x0000002400000000] [id=26356]
  0x000001e27d26a560 WorkerThread "GC Thread#2" [stack: 0x0000002380000000,0x0000002380100000] [id=23768]
  0x000001e27ceb4aa0 WorkerThread "GC Thread#3" [stack: 0x0000002380100000,0x0000002380200000] [id=30700]
  0x000001e27ceb47d0 WorkerThread "GC Thread#4" [stack: 0x0000002380200000,0x0000002380300000] [id=27748]
  0x000001e27e3ddcb0 WorkerThread "GC Thread#5" [stack: 0x0000002380400000,0x0000002380500000] [id=19104]
  0x000001e27e3dd710 WorkerThread "GC Thread#6" [stack: 0x0000002381100000,0x0000002381200000] [id=29016]
  0x000001e27e3dc090 WorkerThread "GC Thread#7" [stack: 0x0000002381200000,0x0000002381300000] [id=27948]
  0x000001e2580cece0 ConcurrentGCThread "G1 Main Marker" [stack: 0x00000023fed00000,0x00000023fee00000] [id=31936]
  0x000001e2580cf620 WorkerThread "G1 Conc#0" [stack: 0x00000023fee00000,0x00000023fef00000] [id=26812]
  0x000001e27e3de520 WorkerThread "G1 Conc#1" [stack: 0x0000002381400000,0x0000002381500000] [id=29156]
  0x000001e278779160 ConcurrentGCThread "G1 Refine#0" [stack: 0x00000023fef00000,0x00000023ff000000] [id=17972]
  0x000001e27877a960 ConcurrentGCThread "G1 Service" [stack: 0x00000023ff000000,0x00000023ff100000] [id=2056]

Threads with active compile tasks:
C2 CompilerThread1    58629 16131       4       org.gradle.internal.file.FileHierarchySet$Node::contains (101 bytes)

VM state: at safepoint (normal execution)

VM Mutex/Monitor currently owned by a thread:  ([mutex/lock_event])
[0x000001e258057c60] Threads_lock - owner thread: 0x000001e27890e010
[0x000001e2580590a0] Heap_lock - owner thread: 0x000001e2021f22c0

Heap address: 0x0000000080000000, size: 2048 MB, Compressed Oops mode: 32-bit

CDS archive(s) mapped at: [0x0000000800000000-0x0000000800c40000-0x0000000800c40000), size 12845056, SharedBaseAddress: 0x0000000800000000, ArchiveRelocationMode: 0.
Compressed class space mapped at: 0x0000000801000000-0x000000081ac00000, reserved size: 432013312
Narrow klass base: 0x0000000800000000, Narrow klass shift: 0, Narrow klass range: 0x100000000

GC Precious Log:
 CardTable entry size: 512
 Card Set container configuration: InlinePtr #cards 5 size 8 Array Of Cards #cards 12 size 40 Howl #buckets 4 coarsen threshold 1843 Howl Bitmap #cards 512 size 80 coarsen threshold 460 Card regions per heap region 1 cards per card region 2048
 CPUs: 8 total, 8 available
 Memory: 7998M
 Large Page Support: Disabled
 NUMA Support: Disabled
 Compressed Oops: Enabled (32-bit)
 Heap Region Size: 1M
 Heap Min Capacity: 8M
 Heap Initial Capacity: 126M
 Heap Max Capacity: 2G
 Pre-touch: Disabled
 Parallel Workers: 8
 Concurrent Workers: 2
 Concurrent Refinement Workers: 8
 Periodic GC: Disabled

Heap:
 garbage-first heap   total 309248K, used 177349K [0x0000000080000000, 0x0000000100000000)
  region size 1024K, 2 young (2048K), 2 survivors (2048K)
 Metaspace       used 118350K, committed 121152K, reserved 552960K
  class space    used 16021K, committed 17472K, reserved 421888K

Heap Regions: E=young(eden), S=young(survivor), O=old, HS=humongous(starts), HC=humongous(continues), CS=collection set, F=free, OA=open archive, CA=closed archive, TAMS=top-at-mark-start (previous, next)
|   0|0x0000000080000000, 0x0000000080100000, 0x0000000080100000|100%|HS|  |TAMS 0x0000000080100000, 0x0000000080000000| Complete 
|   1|0x0000000080100000, 0x0000000080200000, 0x0000000080200000|100%|HC|  |TAMS 0x0000000080200000, 0x0000000080100000| Complete 
|   2|0x0000000080200000, 0x0000000080300000, 0x0000000080300000|100%|HC|  |TAMS 0x0000000080300000, 0x0000000080200000| Complete 
|   3|0x0000000080300000, 0x0000000080400000, 0x0000000080400000|100%| O|  |TAMS 0x0000000080400000, 0x0000000080300000| Untracked 
|   4|0x0000000080400000, 0x0000000080500000, 0x0000000080500000|100%| O|  |TAMS 0x0000000080500000, 0x0000000080400000| Untracked 
|   5|0x0000000080500000, 0x0000000080600000, 0x0000000080600000|100%| O|  |TAMS 0x0000000080600000, 0x0000000080500000| Untracked 
|   6|0x0000000080600000, 0x0000000080700000, 0x0000000080700000|100%|HS|  |TAMS 0x0000000080700000, 0x0000000080600000| Complete 
|   7|0x0000000080700000, 0x0000000080800000, 0x0000000080800000|100%| O|  |TAMS 0x0000000080800000, 0x0000000080700000| Untracked 
|   8|0x0000000080800000, 0x0000000080900000, 0x0000000080900000|100%| O|  |TAMS 0x0000000080900000, 0x0000000080800000| Untracked 
|   9|0x0000000080900000, 0x0000000080a00000, 0x0000000080a00000|100%| O|  |TAMS 0x0000000080a00000, 0x0000000080900000| Untracked 
|  10|0x0000000080a00000, 0x0000000080b00000, 0x0000000080b00000|100%| O|  |TAMS 0x0000000080b00000, 0x0000000080a00000| Untracked 
|  11|0x0000000080b00000, 0x0000000080c00000, 0x0000000080c00000|100%| O|  |TAMS 0x0000000080c00000, 0x0000000080b00000| Untracked 
|  12|0x0000000080c00000, 0x0000000080d00000, 0x0000000080d00000|100%| O|  |TAMS 0x0000000080d00000, 0x0000000080c00000| Untracked 
|  13|0x0000000080d00000, 0x0000000080e00000, 0x0000000080e00000|100%| O|  |TAMS 0x0000000080e00000, 0x0000000080d00000| Untracked 
|  14|0x0000000080e00000, 0x0000000080f00000, 0x0000000080f00000|100%| O|  |TAMS 0x0000000080f00000, 0x0000000080e00000| Untracked 
|  15|0x0000000080f00000, 0x0000000081000000, 0x0000000081000000|100%| O|  |TAMS 0x0000000081000000, 0x0000000080f00000| Untracked 
|  16|0x0000000081000000, 0x0000000081100000, 0x0000000081100000|100%| O|  |TAMS 0x0000000081100000, 0x0000000081000000| Untracked 
|  17|0x0000000081100000, 0x0000000081200000, 0x0000000081200000|100%| O|  |TAMS 0x0000000081200000, 0x0000000081100000| Untracked 
|  18|0x0000000081200000, 0x0000000081300000, 0x0000000081300000|100%| O|  |TAMS 0x0000000081300000, 0x0000000081200000| Untracked 
|  19|0x0000000081300000, 0x0000000081400000, 0x0000000081400000|100%| O|  |TAMS 0x0000000081400000, 0x0000000081300000| Untracked 
|  20|0x0000000081400000, 0x0000000081500000, 0x0000000081500000|100%| O|  |TAMS 0x0000000081500000, 0x0000000081400000| Untracked 
|  21|0x0000000081500000, 0x0000000081600000, 0x0000000081600000|100%| O|  |TAMS 0x0000000081600000, 0x0000000081500000| Untracked 
|  22|0x0000000081600000, 0x0000000081700000, 0x0000000081700000|100%| O|  |TAMS 0x0000000081700000, 0x0000000081600000| Untracked 
|  23|0x0000000081700000, 0x0000000081800000, 0x0000000081800000|100%| O|  |TAMS 0x0000000081800000, 0x0000000081700000| Untracked 
|  24|0x0000000081800000, 0x0000000081900000, 0x0000000081900000|100%| O|  |TAMS 0x0000000081900000, 0x0000000081800000| Untracked 
|  25|0x0000000081900000, 0x0000000081a00000, 0x0000000081a00000|100%| O|  |TAMS 0x0000000081a00000, 0x0000000081900000| Untracked 
|  26|0x0000000081a00000, 0x0000000081b00000, 0x0000000081b00000|100%| O|  |TAMS 0x0000000081b00000, 0x0000000081a00000| Updating 
|  27|0x0000000081b00000, 0x0000000081c00000, 0x0000000081c00000|100%| O|  |TAMS 0x0000000081c00000, 0x0000000081b00000| Updating 
|  28|0x0000000081c00000, 0x0000000081d00000, 0x0000000081d00000|100%| O|  |TAMS 0x0000000081d00000, 0x0000000081c00000| Untracked 
|  29|0x0000000081d00000, 0x0000000081e00000, 0x0000000081e00000|100%| O|  |TAMS 0x0000000081e00000, 0x0000000081d00000| Updating 
|  30|0x0000000081e00000, 0x0000000081f00000, 0x0000000081f00000|100%| O|  |TAMS 0x0000000081f00000, 0x0000000081e00000| Untracked 
|  31|0x0000000081f00000, 0x0000000082000000, 0x0000000082000000|100%| O|  |TAMS 0x0000000082000000, 0x0000000081f00000| Updating 
|  32|0x0000000082000000, 0x0000000082100000, 0x0000000082100000|100%| O|  |TAMS 0x0000000082100000, 0x0000000082000000| Untracked 
|  33|0x0000000082100000, 0x0000000082200000, 0x0000000082200000|100%| O|  |TAMS 0x0000000082200000, 0x0000000082100000| Untracked 
|  34|0x0000000082200000, 0x0000000082300000, 0x0000000082300000|100%| O|  |TAMS 0x0000000082300000, 0x0000000082200000| Updating 
|  35|0x0000000082300000, 0x0000000082400000, 0x0000000082400000|100%| O|  |TAMS 0x0000000082400000, 0x0000000082300000| Updating 
|  36|0x0000000082400000, 0x0000000082500000, 0x0000000082500000|100%| O|  |TAMS 0x0000000082500000, 0x0000000082400000| Untracked 
|  37|0x0000000082500000, 0x0000000082600000, 0x0000000082600000|100%| O|  |TAMS 0x0000000082600000, 0x0000000082500000| Updating 
|  38|0x0000000082600000, 0x0000000082700000, 0x0000000082700000|100%| O|  |TAMS 0x0000000082700000, 0x0000000082600000| Updating 
|  39|0x0000000082700000, 0x0000000082800000, 0x0000000082800000|100%| O|  |TAMS 0x0000000082800000, 0x0000000082700000| Updating 
|  40|0x0000000082800000, 0x0000000082900000, 0x0000000082900000|100%| O|  |TAMS 0x0000000082900000, 0x0000000082800000| Updating 
|  41|0x0000000082900000, 0x0000000082a00000, 0x0000000082a00000|100%| O|  |TAMS 0x0000000082a00000, 0x0000000082900000| Untracked 
|  42|0x0000000082a00000, 0x0000000082b00000, 0x0000000082b00000|100%| O|  |TAMS 0x0000000082b00000, 0x0000000082a00000| Updating 
|  43|0x0000000082b00000, 0x0000000082c00000, 0x0000000082c00000|100%| O|  |TAMS 0x0000000082c00000, 0x0000000082b00000| Updating 
|  44|0x0000000082c00000, 0x0000000082d00000, 0x0000000082d00000|100%| O|  |TAMS 0x0000000082d00000, 0x0000000082c00000| Untracked 
|  45|0x0000000082d00000, 0x0000000082e00000, 0x0000000082e00000|100%| O|  |TAMS 0x0000000082e00000, 0x0000000082d00000| Untracked 
|  46|0x0000000082e00000, 0x0000000082f00000, 0x0000000082f00000|100%| O|  |TAMS 0x0000000082f00000, 0x0000000082e00000| Updating 
|  47|0x0000000082f00000, 0x0000000083000000, 0x0000000083000000|100%| O|  |TAMS 0x0000000083000000, 0x0000000082f00000| Untracked 
|  48|0x0000000083000000, 0x0000000083100000, 0x0000000083100000|100%| O|  |TAMS 0x0000000083100000, 0x0000000083000000| Untracked 
|  49|0x0000000083100000, 0x0000000083200000, 0x0000000083200000|100%|HS|  |TAMS 0x0000000083200000, 0x0000000083100000| Complete 
|  50|0x0000000083200000, 0x0000000083300000, 0x0000000083300000|100%|HC|  |TAMS 0x0000000083300000, 0x0000000083200000| Complete 
|  51|0x0000000083300000, 0x0000000083400000, 0x0000000083400000|100%|HS|  |TAMS 0x0000000083400000, 0x0000000083300000| Complete 
|  52|0x0000000083400000, 0x0000000083500000, 0x0000000083500000|100%|HC|  |TAMS 0x0000000083500000, 0x0000000083400000| Complete 
|  53|0x0000000083500000, 0x0000000083600000, 0x0000000083600000|100%|HC|  |TAMS 0x0000000083600000, 0x0000000083500000| Complete 
|  54|0x0000000083600000, 0x0000000083700000, 0x0000000083700000|100%|HS|  |TAMS 0x0000000083700000, 0x0000000083600000| Complete 
|  55|0x0000000083700000, 0x0000000083800000, 0x0000000083800000|100%|HC|  |TAMS 0x0000000083800000, 0x0000000083700000| Complete 
|  56|0x0000000083800000, 0x0000000083900000, 0x0000000083900000|100%| O|  |TAMS 0x0000000083900000, 0x0000000083800000| Untracked 
|  57|0x0000000083900000, 0x0000000083a00000, 0x0000000083a00000|100%| O|  |TAMS 0x0000000083a00000, 0x0000000083900000| Untracked 
|  58|0x0000000083a00000, 0x0000000083b00000, 0x0000000083b00000|100%| O|  |TAMS 0x0000000083b00000, 0x0000000083a00000| Untracked 
|  59|0x0000000083b00000, 0x0000000083c00000, 0x0000000083c00000|100%| O|  |TAMS 0x0000000083c00000, 0x0000000083b00000| Untracked 
|  60|0x0000000083c00000, 0x0000000083d00000, 0x0000000083d00000|100%|HS|  |TAMS 0x0000000083d00000, 0x0000000083c00000| Complete 
|  61|0x0000000083d00000, 0x0000000083e00000, 0x0000000083e00000|100%|HC|  |TAMS 0x0000000083e00000, 0x0000000083d00000| Complete 
|  62|0x0000000083e00000, 0x0000000083f00000, 0x0000000083f00000|100%|HC|  |TAMS 0x0000000083f00000, 0x0000000083e00000| Complete 
|  63|0x0000000083f00000, 0x0000000084000000, 0x0000000084000000|100%| O|  |TAMS 0x0000000084000000, 0x0000000083f00000| Untracked 
|  64|0x0000000084000000, 0x0000000084100000, 0x0000000084100000|100%| O|  |TAMS 0x0000000084100000, 0x0000000084000000| Untracked 
|  65|0x0000000084100000, 0x0000000084200000, 0x0000000084200000|100%| O|  |TAMS 0x0000000084200000, 0x0000000084100000| Untracked 
|  66|0x0000000084200000, 0x0000000084300000, 0x0000000084300000|100%| O|  |TAMS 0x0000000084300000, 0x0000000084200000| Untracked 
|  67|0x0000000084300000, 0x0000000084400000, 0x0000000084400000|100%| O|  |TAMS 0x0000000084400000, 0x0000000084300000| Untracked 
|  68|0x0000000084400000, 0x0000000084500000, 0x0000000084500000|100%| O|  |TAMS 0x0000000084500000, 0x0000000084400000| Untracked 
|  69|0x0000000084500000, 0x0000000084600000, 0x0000000084600000|100%| O|  |TAMS 0x0000000084600000, 0x0000000084500000| Untracked 
|  70|0x0000000084600000, 0x0000000084700000, 0x0000000084700000|100%| O|  |TAMS 0x0000000084700000, 0x0000000084600000| Untracked 
|  71|0x0000000084700000, 0x0000000084800000, 0x0000000084800000|100%| O|  |TAMS 0x0000000084800000, 0x0000000084700000| Untracked 
|  72|0x0000000084800000, 0x0000000084900000, 0x0000000084900000|100%| O|  |TAMS 0x0000000084900000, 0x0000000084800000| Updating 
|  73|0x0000000084900000, 0x0000000084a00000, 0x0000000084a00000|100%| O|  |TAMS 0x0000000084a00000, 0x0000000084900000| Untracked 
|  74|0x0000000084a00000, 0x0000000084b00000, 0x0000000084b00000|100%| O|  |TAMS 0x0000000084b00000, 0x0000000084a00000| Untracked 
|  75|0x0000000084b00000, 0x0000000084c00000, 0x0000000084c00000|100%| O|  |TAMS 0x0000000084c00000, 0x0000000084b00000| Updating 
|  76|0x0000000084c00000, 0x0000000084d00000, 0x0000000084d00000|100%| O|  |TAMS 0x0000000084d00000, 0x0000000084c00000| Updating 
|  77|0x0000000084d00000, 0x0000000084e00000, 0x0000000084e00000|100%| O|  |TAMS 0x0000000084e00000, 0x0000000084d00000| Untracked 
|  78|0x0000000084e00000, 0x0000000084f00000, 0x0000000084f00000|100%| O|  |TAMS 0x0000000084f00000, 0x0000000084e00000| Untracked 
|  79|0x0000000084f00000, 0x0000000085000000, 0x0000000085000000|100%| O|  |TAMS 0x0000000085000000, 0x0000000084f00000| Untracked 
|  80|0x0000000085000000, 0x0000000085100000, 0x0000000085100000|100%| O|  |TAMS 0x0000000085100000, 0x0000000085000000| Untracked 
|  81|0x0000000085100000, 0x0000000085200000, 0x0000000085200000|100%| O|  |TAMS 0x0000000085200000, 0x0000000085100000| Updating 
|  82|0x0000000085200000, 0x0000000085300000, 0x0000000085300000|100%|HS|  |TAMS 0x0000000085300000, 0x0000000085200000| Complete 
|  83|0x0000000085300000, 0x0000000085400000, 0x0000000085400000|100%|HS|  |TAMS 0x0000000085400000, 0x0000000085300000| Complete 
|  84|0x0000000085400000, 0x0000000085500000, 0x0000000085500000|100%|HS|  |TAMS 0x0000000085500000, 0x0000000085400000| Complete 
|  85|0x0000000085500000, 0x0000000085600000, 0x0000000085600000|100%|HS|  |TAMS 0x0000000085600000, 0x0000000085500000| Complete 
|  86|0x0000000085600000, 0x0000000085700000, 0x0000000085700000|100%| O|  |TAMS 0x0000000085700000, 0x0000000085600000| Untracked 
|  87|0x0000000085700000, 0x0000000085800000, 0x0000000085800000|100%|HS|  |TAMS 0x0000000085800000, 0x0000000085700000| Complete 
|  88|0x0000000085800000, 0x0000000085900000, 0x0000000085900000|100%|HS|  |TAMS 0x0000000085900000, 0x0000000085800000| Complete 
|  89|0x0000000085900000, 0x0000000085a00000, 0x0000000085a00000|100%| O|  |TAMS 0x0000000085a00000, 0x0000000085900000| Updating 
|  90|0x0000000085a00000, 0x0000000085b00000, 0x0000000085b00000|100%| O|  |TAMS 0x0000000085b00000, 0x0000000085a00000| Updating 
|  91|0x0000000085b00000, 0x0000000085c00000, 0x0000000085c00000|100%| O|  |TAMS 0x0000000085c00000, 0x0000000085b00000| Untracked 
|  92|0x0000000085c00000, 0x0000000085d00000, 0x0000000085d00000|100%| O|  |TAMS 0x0000000085d00000, 0x0000000085c00000| Untracked 
|  93|0x0000000085d00000, 0x0000000085e00000, 0x0000000085e00000|100%| O|  |TAMS 0x0000000085e00000, 0x0000000085d00000| Untracked 
|  94|0x0000000085e00000, 0x0000000085f00000, 0x0000000085f00000|100%| O|  |TAMS 0x0000000085f00000, 0x0000000085e00000| Untracked 
|  95|0x0000000085f00000, 0x0000000086000000, 0x0000000086000000|100%| O|  |TAMS 0x0000000086000000, 0x0000000085f00000| Untracked 
|  96|0x0000000086000000, 0x0000000086100000, 0x0000000086100000|100%| O|  |TAMS 0x0000000086100000, 0x0000000086000000| Untracked 
|  97|0x0000000086100000, 0x0000000086200000, 0x0000000086200000|100%| O|  |TAMS 0x0000000086200000, 0x0000000086100000| Updating 
|  98|0x0000000086200000, 0x0000000086300000, 0x0000000086300000|100%| O|  |TAMS 0x0000000086300000, 0x0000000086200000| Updating 
|  99|0x0000000086300000, 0x0000000086400000, 0x0000000086400000|100%| O|  |TAMS 0x0000000086400000, 0x0000000086300000| Updating 
| 100|0x0000000086400000, 0x0000000086500000, 0x0000000086500000|100%|HS|  |TAMS 0x0000000086500000, 0x0000000086400000| Complete 
| 101|0x0000000086500000, 0x0000000086600000, 0x0000000086600000|100%|HC|  |TAMS 0x0000000086600000, 0x0000000086500000| Complete 
| 102|0x0000000086600000, 0x0000000086700000, 0x0000000086700000|100%| O|  |TAMS 0x0000000086700000, 0x0000000086600000| Untracked 
| 103|0x0000000086700000, 0x0000000086800000, 0x0000000086800000|100%| O|  |TAMS 0x0000000086800000, 0x0000000086700000| Untracked 
| 104|0x0000000086800000, 0x0000000086900000, 0x0000000086900000|100%|HS|  |TAMS 0x0000000086900000, 0x0000000086800000| Complete 
| 105|0x0000000086900000, 0x0000000086a00000, 0x0000000086a00000|100%| O|  |TAMS 0x0000000086a00000, 0x0000000086900000| Untracked 
| 106|0x0000000086a00000, 0x0000000086b00000, 0x0000000086b00000|100%| O|  |TAMS 0x0000000086b00000, 0x0000000086a00000| Untracked 
| 107|0x0000000086b00000, 0x0000000086c00000, 0x0000000086c00000|100%| O|  |TAMS 0x0000000086c00000, 0x0000000086b00000| Untracked 
| 108|0x0000000086c00000, 0x0000000086d00000, 0x0000000086d00000|100%| O|  |TAMS 0x0000000086d00000, 0x0000000086c00000| Updating 
| 109|0x0000000086d00000, 0x0000000086e00000, 0x0000000086e00000|100%| O|  |TAMS 0x0000000086e00000, 0x0000000086d00000| Updating 
| 110|0x0000000086e00000, 0x0000000086f00000, 0x0000000086f00000|100%| O|  |TAMS 0x0000000086f00000, 0x0000000086e00000| Untracked 
| 111|0x0000000086f00000, 0x0000000087000000, 0x0000000087000000|100%| O|  |TAMS 0x0000000087000000, 0x0000000086f00000| Untracked 
| 112|0x0000000087000000, 0x0000000087100000, 0x0000000087100000|100%| O|  |TAMS 0x0000000087100000, 0x0000000087000000| Untracked 
| 113|0x0000000087100000, 0x0000000087200000, 0x0000000087200000|100%| O|  |TAMS 0x0000000087200000, 0x0000000087100000| Untracked 
| 114|0x0000000087200000, 0x0000000087300000, 0x0000000087300000|100%| O|  |TAMS 0x0000000087300000, 0x0000000087200000| Untracked 
| 115|0x0000000087300000, 0x0000000087400000, 0x0000000087400000|100%| O|  |TAMS 0x0000000087400000, 0x0000000087300000| Untracked 
| 116|0x0000000087400000, 0x0000000087500000, 0x0000000087500000|100%| O|  |TAMS 0x0000000087500000, 0x0000000087400000| Untracked 
| 117|0x0000000087500000, 0x0000000087600000, 0x0000000087600000|100%| O|  |TAMS 0x0000000087600000, 0x0000000087500000| Untracked 
| 118|0x0000000087600000, 0x0000000087700000, 0x0000000087700000|100%| O|  |TAMS 0x0000000087700000, 0x0000000087600000| Untracked 
| 119|0x0000000087700000, 0x0000000087800000, 0x0000000087800000|100%| O|  |TAMS 0x0000000087800000, 0x0000000087700000| Untracked 
| 120|0x0000000087800000, 0x0000000087900000, 0x0000000087900000|100%| O|  |TAMS 0x0000000087900000, 0x0000000087800000| Untracked 
| 121|0x0000000087900000, 0x0000000087a00000, 0x0000000087a00000|100%| O|  |TAMS 0x0000000087a00000, 0x0000000087900000| Untracked 
| 122|0x0000000087a00000, 0x0000000087b00000, 0x0000000087b00000|100%| O|  |TAMS 0x0000000087b00000, 0x0000000087a00000| Untracked 
| 123|0x0000000087b00000, 0x0000000087c00000, 0x0000000087c00000|100%| O|  |TAMS 0x0000000087c00000, 0x0000000087b00000| Untracked 
| 124|0x0000000087c00000, 0x0000000087d00000, 0x0000000087d00000|100%| O|  |TAMS 0x0000000087d00000, 0x0000000087c00000| Untracked 
| 125|0x0000000087d00000, 0x0000000087e00000, 0x0000000087e00000|100%| O|  |TAMS 0x0000000087e00000, 0x0000000087d00000| Untracked 
| 126|0x0000000087e00000, 0x0000000087f00000, 0x0000000087f00000|100%| O|  |TAMS 0x0000000087f00000, 0x0000000087e00000| Untracked 
| 127|0x0000000087f00000, 0x0000000088000000, 0x0000000088000000|100%| O|  |TAMS 0x0000000088000000, 0x0000000087f00000| Untracked 
| 128|0x0000000088000000, 0x0000000088100000, 0x0000000088100000|100%| O|  |TAMS 0x0000000088100000, 0x0000000088000000| Untracked 
| 129|0x0000000088100000, 0x0000000088200000, 0x0000000088200000|100%| O|  |TAMS 0x0000000088200000, 0x0000000088100000| Updating 
| 130|0x0000000088200000, 0x0000000088300000, 0x0000000088300000|100%| O|  |TAMS 0x0000000088300000, 0x0000000088200000| Untracked 
| 131|0x0000000088300000, 0x0000000088400000, 0x0000000088400000|100%| O|  |TAMS 0x0000000088400000, 0x0000000088300000| Untracked 
| 132|0x0000000088400000, 0x0000000088500000, 0x0000000088500000|100%| O|  |TAMS 0x0000000088500000, 0x0000000088400000| Untracked 
| 133|0x0000000088500000, 0x0000000088600000, 0x0000000088600000|100%| O|  |TAMS 0x0000000088600000, 0x0000000088500000| Untracked 
| 134|0x0000000088600000, 0x0000000088700000, 0x0000000088700000|100%| O|  |TAMS 0x0000000088700000, 0x0000000088600000| Updating 
| 135|0x0000000088700000, 0x0000000088800000, 0x0000000088800000|100%| O|  |TAMS 0x0000000088800000, 0x0000000088700000| Updating 
| 136|0x0000000088800000, 0x0000000088900000, 0x0000000088900000|100%|HS|  |TAMS 0x0000000088900000, 0x0000000088800000| Complete 
| 137|0x0000000088900000, 0x0000000088a00000, 0x0000000088a00000|100%|HC|  |TAMS 0x0000000088a00000, 0x0000000088900000| Complete 
| 138|0x0000000088a00000, 0x0000000088b00000, 0x0000000088b00000|100%| O|  |TAMS 0x0000000088b00000, 0x0000000088a00000| Untracked 
| 139|0x0000000088b00000, 0x0000000088c00000, 0x0000000088c00000|100%| O|  |TAMS 0x0000000088c00000, 0x0000000088b00000| Updating 
| 140|0x0000000088c00000, 0x0000000088d00000, 0x0000000088d00000|100%| O|  |TAMS 0x0000000088d00000, 0x0000000088c00000| Updating 
| 141|0x0000000088d00000, 0x0000000088e00000, 0x0000000088e00000|100%| O|  |TAMS 0x0000000088e00000, 0x0000000088d00000| Updating 
| 142|0x0000000088e00000, 0x0000000088f00000, 0x0000000088f00000|100%| O|  |TAMS 0x0000000088f00000, 0x0000000088e00000| Updating 
| 143|0x0000000088f00000, 0x0000000089000000, 0x0000000089000000|100%| O|  |TAMS 0x0000000089000000, 0x0000000088f00000| Updating 
| 144|0x0000000089000000, 0x0000000089100000, 0x0000000089100000|100%| O|  |TAMS 0x0000000089100000, 0x0000000089000000| Updating 
| 145|0x0000000089100000, 0x0000000089200000, 0x0000000089200000|100%| O|  |TAMS 0x0000000089200000, 0x0000000089100000| Untracked 
| 146|0x0000000089200000, 0x0000000089300000, 0x0000000089300000|100%| O|  |TAMS 0x0000000089300000, 0x0000000089200000| Untracked 
| 147|0x0000000089300000, 0x0000000089400000, 0x0000000089400000|100%| O|  |TAMS 0x0000000089400000, 0x0000000089300000| Untracked 
| 148|0x0000000089400000, 0x0000000089500000, 0x0000000089500000|100%| O|  |TAMS 0x0000000089500000, 0x0000000089400000| Untracked 
| 149|0x0000000089500000, 0x0000000089600000, 0x0000000089600000|100%| O|  |TAMS 0x0000000089600000, 0x0000000089500000| Updating 
| 150|0x0000000089600000, 0x0000000089700000, 0x0000000089700000|100%| O|  |TAMS 0x0000000089700000, 0x0000000089600000| Updating 
| 151|0x0000000089700000, 0x0000000089800000, 0x0000000089800000|100%| O|  |TAMS 0x0000000089800000, 0x0000000089700000| Updating 
| 152|0x0000000089800000, 0x0000000089900000, 0x0000000089900000|100%| O|  |TAMS 0x0000000089900000, 0x0000000089800000| Untracked 
| 153|0x0000000089900000, 0x0000000089a00000, 0x0000000089a00000|100%| O|  |TAMS 0x0000000089a00000, 0x0000000089900000| Updating 
| 154|0x0000000089a00000, 0x0000000089b00000, 0x0000000089b00000|100%| O|  |TAMS 0x0000000089b00000, 0x0000000089a00000| Updating 
| 155|0x0000000089b00000, 0x0000000089c00000, 0x0000000089c00000|100%| O|  |TAMS 0x0000000089c00000, 0x0000000089b00000| Updating 
| 156|0x0000000089c00000, 0x0000000089d00000, 0x0000000089d00000|100%| O|  |TAMS 0x0000000089d00000, 0x0000000089c00000| Untracked 
| 157|0x0000000089d00000, 0x0000000089e00000, 0x0000000089e00000|100%| O|  |TAMS 0x0000000089e00000, 0x0000000089d00000| Untracked 
| 158|0x0000000089e00000, 0x0000000089f00000, 0x0000000089f00000|100%| O|  |TAMS 0x0000000089f00000, 0x0000000089e00000| Untracked 
| 159|0x0000000089f00000, 0x000000008a000000, 0x000000008a000000|100%| O|  |TAMS 0x000000008a000000, 0x0000000089f00000| Untracked 
| 160|0x000000008a000000, 0x000000008a100000, 0x000000008a100000|100%| O|  |TAMS 0x000000008a100000, 0x000000008a000000| Updating 
| 161|0x000000008a100000, 0x000000008a200000, 0x000000008a200000|100%| O|  |TAMS 0x000000008a200000, 0x000000008a100000| Updating 
| 162|0x000000008a200000, 0x000000008a300000, 0x000000008a300000|100%| O|  |TAMS 0x000000008a300000, 0x000000008a200000| Untracked 
| 163|0x000000008a300000, 0x000000008a400000, 0x000000008a400000|100%| O|  |TAMS 0x000000008a400000, 0x000000008a300000| Updating 
| 164|0x000000008a400000, 0x000000008a500000, 0x000000008a500000|100%| O|  |TAMS 0x000000008a500000, 0x000000008a400000| Updating 
| 165|0x000000008a500000, 0x000000008a600000, 0x000000008a600000|100%| O|  |TAMS 0x000000008a600000, 0x000000008a500000| Updating 
| 166|0x000000008a600000, 0x000000008a700000, 0x000000008a700000|100%| O|  |TAMS 0x000000008a700000, 0x000000008a600000| Untracked 
| 167|0x000000008a700000, 0x000000008a800000, 0x000000008a800000|100%| O|  |TAMS 0x000000008a800000, 0x000000008a700000| Updating 
| 168|0x000000008a800000, 0x000000008a900000, 0x000000008a900000|100%| O|  |TAMS 0x000000008a8a9e00, 0x000000008a800000| Updating 
| 169|0x000000008a900000, 0x000000008aa00000, 0x000000008aa00000|100%| O|  |TAMS 0x000000008a900000, 0x000000008a900000| Untracked 
| 170|0x000000008aa00000, 0x000000008ab00000, 0x000000008ab00000|100%| O|  |TAMS 0x000000008aa00000, 0x000000008aa00000| Updating 
| 171|0x000000008ab00000, 0x000000008ab31600, 0x000000008ac00000| 19%| O|  |TAMS 0x000000008ab00000, 0x000000008ab00000| Untracked 
| 172|0x000000008ac00000, 0x000000008ac00000, 0x000000008ad00000|  0%| F|  |TAMS 0x000000008ac00000, 0x000000008ac00000| Untracked 
| 173|0x000000008ad00000, 0x000000008ad00000, 0x000000008ae00000|  0%| F|  |TAMS 0x000000008ad00000, 0x000000008ad00000| Untracked 
| 174|0x000000008ae00000, 0x000000008ae00000, 0x000000008af00000|  0%| F|  |TAMS 0x000000008ae00000, 0x000000008ae00000| Untracked 
| 175|0x000000008af00000, 0x000000008af00000, 0x000000008b000000|  0%| F|  |TAMS 0x000000008af00000, 0x000000008af00000| Untracked 
| 176|0x000000008b000000, 0x000000008b000000, 0x000000008b100000|  0%| F|  |TAMS 0x000000008b000000, 0x000000008b000000| Untracked 
| 177|0x000000008b100000, 0x000000008b100000, 0x000000008b200000|  0%| F|  |TAMS 0x000000008b100000, 0x000000008b100000| Untracked 
| 178|0x000000008b200000, 0x000000008b200000, 0x000000008b300000|  0%| F|  |TAMS 0x000000008b200000, 0x000000008b200000| Untracked 
| 179|0x000000008b300000, 0x000000008b300000, 0x000000008b400000|  0%| F|  |TAMS 0x000000008b300000, 0x000000008b300000| Untracked 
| 180|0x000000008b400000, 0x000000008b400000, 0x000000008b500000|  0%| F|  |TAMS 0x000000008b400000, 0x000000008b400000| Untracked 
| 181|0x000000008b500000, 0x000000008b500000, 0x000000008b600000|  0%| F|  |TAMS 0x000000008b500000, 0x000000008b500000| Untracked 
| 182|0x000000008b600000, 0x000000008b600000, 0x000000008b700000|  0%| F|  |TAMS 0x000000008b600000, 0x000000008b600000| Untracked 
| 183|0x000000008b700000, 0x000000008b700000, 0x000000008b800000|  0%| F|  |TAMS 0x000000008b700000, 0x000000008b700000| Untracked 
| 184|0x000000008b800000, 0x000000008b800000, 0x000000008b900000|  0%| F|  |TAMS 0x000000008b800000, 0x000000008b800000| Untracked 
| 185|0x000000008b900000, 0x000000008b900000, 0x000000008ba00000|  0%| F|  |TAMS 0x000000008b900000, 0x000000008b900000| Untracked 
| 186|0x000000008ba00000, 0x000000008ba00000, 0x000000008bb00000|  0%| F|  |TAMS 0x000000008ba00000, 0x000000008ba00000| Untracked 
| 187|0x000000008bb00000, 0x000000008bb00000, 0x000000008bc00000|  0%| F|  |TAMS 0x000000008bb00000, 0x000000008bb00000| Untracked 
| 188|0x000000008bc00000, 0x000000008bc00000, 0x000000008bd00000|  0%| F|  |TAMS 0x000000008bc00000, 0x000000008bc00000| Untracked 
| 189|0x000000008bd00000, 0x000000008bd00000, 0x000000008be00000|  0%| F|  |TAMS 0x000000008bd00000, 0x000000008bd00000| Untracked 
| 190|0x000000008be00000, 0x000000008be00000, 0x000000008bf00000|  0%| F|  |TAMS 0x000000008be00000, 0x000000008be00000| Untracked 
| 191|0x000000008bf00000, 0x000000008bf00000, 0x000000008c000000|  0%| F|  |TAMS 0x000000008bf00000, 0x000000008bf00000| Untracked 
| 192|0x000000008c000000, 0x000000008c000000, 0x000000008c100000|  0%| F|  |TAMS 0x000000008c000000, 0x000000008c000000| Untracked 
| 193|0x000000008c100000, 0x000000008c100000, 0x000000008c200000|  0%| F|  |TAMS 0x000000008c100000, 0x000000008c100000| Untracked 
| 194|0x000000008c200000, 0x000000008c200000, 0x000000008c300000|  0%| F|  |TAMS 0x000000008c200000, 0x000000008c200000| Untracked 
| 195|0x000000008c300000, 0x000000008c300000, 0x000000008c400000|  0%| F|  |TAMS 0x000000008c300000, 0x000000008c300000| Untracked 
| 196|0x000000008c400000, 0x000000008c400000, 0x000000008c500000|  0%| F|  |TAMS 0x000000008c400000, 0x000000008c400000| Untracked 
| 197|0x000000008c500000, 0x000000008c500000, 0x000000008c600000|  0%| F|  |TAMS 0x000000008c500000, 0x000000008c500000| Untracked 
| 198|0x000000008c600000, 0x000000008c600000, 0x000000008c700000|  0%| F|  |TAMS 0x000000008c600000, 0x000000008c600000| Untracked 
| 199|0x000000008c700000, 0x000000008c700000, 0x000000008c800000|  0%| F|  |TAMS 0x000000008c700000, 0x000000008c700000| Untracked 
| 200|0x000000008c800000, 0x000000008c800000, 0x000000008c900000|  0%| F|  |TAMS 0x000000008c800000, 0x000000008c800000| Untracked 
| 201|0x000000008c900000, 0x000000008c900000, 0x000000008ca00000|  0%| F|  |TAMS 0x000000008c900000, 0x000000008c900000| Untracked 
| 202|0x000000008ca00000, 0x000000008ca00000, 0x000000008cb00000|  0%| F|  |TAMS 0x000000008ca00000, 0x000000008ca00000| Untracked 
| 203|0x000000008cb00000, 0x000000008cb00000, 0x000000008cc00000|  0%| F|  |TAMS 0x000000008cb00000, 0x000000008cb00000| Untracked 
| 204|0x000000008cc00000, 0x000000008cc00000, 0x000000008cd00000|  0%| F|  |TAMS 0x000000008cc00000, 0x000000008cc00000| Untracked 
| 205|0x000000008cd00000, 0x000000008cd00000, 0x000000008ce00000|  0%| F|  |TAMS 0x000000008cd00000, 0x000000008cd00000| Untracked 
| 206|0x000000008ce00000, 0x000000008ce00000, 0x000000008cf00000|  0%| F|  |TAMS 0x000000008ce00000, 0x000000008ce00000| Untracked 
| 207|0x000000008cf00000, 0x000000008cf00000, 0x000000008d000000|  0%| F|  |TAMS 0x000000008cf00000, 0x000000008cf00000| Untracked 
| 208|0x000000008d000000, 0x000000008d000000, 0x000000008d100000|  0%| F|  |TAMS 0x000000008d000000, 0x000000008d000000| Untracked 
| 209|0x000000008d100000, 0x000000008d100000, 0x000000008d200000|  0%| F|  |TAMS 0x000000008d100000, 0x000000008d100000| Untracked 
| 210|0x000000008d200000, 0x000000008d200000, 0x000000008d300000|  0%| F|  |TAMS 0x000000008d200000, 0x000000008d200000| Untracked 
| 211|0x000000008d300000, 0x000000008d300000, 0x000000008d400000|  0%| F|  |TAMS 0x000000008d300000, 0x000000008d300000| Untracked 
| 212|0x000000008d400000, 0x000000008d400000, 0x000000008d500000|  0%| F|  |TAMS 0x000000008d400000, 0x000000008d400000| Untracked 
| 213|0x000000008d500000, 0x000000008d500000, 0x000000008d600000|  0%| F|  |TAMS 0x000000008d500000, 0x000000008d500000| Untracked 
| 214|0x000000008d600000, 0x000000008d600000, 0x000000008d700000|  0%| F|  |TAMS 0x000000008d600000, 0x000000008d600000| Untracked 
| 215|0x000000008d700000, 0x000000008d700000, 0x000000008d800000|  0%| F|  |TAMS 0x000000008d700000, 0x000000008d700000| Untracked 
| 216|0x000000008d800000, 0x000000008d800000, 0x000000008d900000|  0%| F|  |TAMS 0x000000008d800000, 0x000000008d800000| Untracked 
| 217|0x000000008d900000, 0x000000008d900000, 0x000000008da00000|  0%| F|  |TAMS 0x000000008d900000, 0x000000008d900000| Untracked 
| 218|0x000000008da00000, 0x000000008da00000, 0x000000008db00000|  0%| F|  |TAMS 0x000000008da00000, 0x000000008da00000| Untracked 
| 219|0x000000008db00000, 0x000000008db00000, 0x000000008dc00000|  0%| F|  |TAMS 0x000000008db00000, 0x000000008db00000| Untracked 
| 220|0x000000008dc00000, 0x000000008dc00000, 0x000000008dd00000|  0%| F|  |TAMS 0x000000008dc00000, 0x000000008dc00000| Untracked 
| 221|0x000000008dd00000, 0x000000008dd00000, 0x000000008de00000|  0%| F|  |TAMS 0x000000008dd00000, 0x000000008dd00000| Untracked 
| 222|0x000000008de00000, 0x000000008de00000, 0x000000008df00000|  0%| F|  |TAMS 0x000000008de00000, 0x000000008de00000| Untracked 
| 223|0x000000008df00000, 0x000000008df00000, 0x000000008e000000|  0%| F|  |TAMS 0x000000008df00000, 0x000000008df00000| Untracked 
| 224|0x000000008e000000, 0x000000008e000000, 0x000000008e100000|  0%| F|  |TAMS 0x000000008e000000, 0x000000008e000000| Untracked 
| 225|0x000000008e100000, 0x000000008e100000, 0x000000008e200000|  0%| F|  |TAMS 0x000000008e100000, 0x000000008e100000| Untracked 
| 226|0x000000008e200000, 0x000000008e200000, 0x000000008e300000|  0%| F|  |TAMS 0x000000008e200000, 0x000000008e200000| Untracked 
| 227|0x000000008e300000, 0x000000008e300000, 0x000000008e400000|  0%| F|  |TAMS 0x000000008e300000, 0x000000008e300000| Untracked 
| 228|0x000000008e400000, 0x000000008e400000, 0x000000008e500000|  0%| F|  |TAMS 0x000000008e400000, 0x000000008e400000| Untracked 
| 229|0x000000008e500000, 0x000000008e500000, 0x000000008e600000|  0%| F|  |TAMS 0x000000008e500000, 0x000000008e500000| Untracked 
| 230|0x000000008e600000, 0x000000008e600000, 0x000000008e700000|  0%| F|  |TAMS 0x000000008e600000, 0x000000008e600000| Untracked 
| 231|0x000000008e700000, 0x000000008e700000, 0x000000008e800000|  0%| F|  |TAMS 0x000000008e700000, 0x000000008e700000| Untracked 
| 232|0x000000008e800000, 0x000000008e800000, 0x000000008e900000|  0%| F|  |TAMS 0x000000008e800000, 0x000000008e800000| Untracked 
| 233|0x000000008e900000, 0x000000008e900000, 0x000000008ea00000|  0%| F|  |TAMS 0x000000008e900000, 0x000000008e900000| Untracked 
| 234|0x000000008ea00000, 0x000000008ea00000, 0x000000008eb00000|  0%| F|  |TAMS 0x000000008ea00000, 0x000000008ea00000| Untracked 
| 235|0x000000008eb00000, 0x000000008eb00000, 0x000000008ec00000|  0%| F|  |TAMS 0x000000008eb00000, 0x000000008eb00000| Untracked 
| 236|0x000000008ec00000, 0x000000008ec00000, 0x000000008ed00000|  0%| F|  |TAMS 0x000000008ec00000, 0x000000008ec00000| Untracked 
| 237|0x000000008ed00000, 0x000000008ed00000, 0x000000008ee00000|  0%| F|  |TAMS 0x000000008ed00000, 0x000000008ed00000| Untracked 
| 238|0x000000008ee00000, 0x000000008ee00000, 0x000000008ef00000|  0%| F|  |TAMS 0x000000008ee00000, 0x000000008ee00000| Untracked 
| 239|0x000000008ef00000, 0x000000008ef00000, 0x000000008f000000|  0%| F|  |TAMS 0x000000008ef00000, 0x000000008ef00000| Untracked 
| 240|0x000000008f000000, 0x000000008f000000, 0x000000008f100000|  0%| F|  |TAMS 0x000000008f000000, 0x000000008f000000| Untracked 
| 241|0x000000008f100000, 0x000000008f100000, 0x000000008f200000|  0%| F|  |TAMS 0x000000008f100000, 0x000000008f100000| Untracked 
| 242|0x000000008f200000, 0x000000008f200000, 0x000000008f300000|  0%| F|  |TAMS 0x000000008f200000, 0x000000008f200000| Untracked 
| 243|0x000000008f300000, 0x000000008f300000, 0x000000008f400000|  0%| F|  |TAMS 0x000000008f300000, 0x000000008f300000| Untracked 
| 244|0x000000008f400000, 0x000000008f400000, 0x000000008f500000|  0%| F|  |TAMS 0x000000008f400000, 0x000000008f400000| Untracked 
| 245|0x000000008f500000, 0x000000008f500000, 0x000000008f600000|  0%| F|  |TAMS 0x000000008f500000, 0x000000008f500000| Untracked 
| 246|0x000000008f600000, 0x000000008f600000, 0x000000008f700000|  0%| F|  |TAMS 0x000000008f600000, 0x000000008f600000| Untracked 
| 247|0x000000008f700000, 0x000000008f700000, 0x000000008f800000|  0%| F|  |TAMS 0x000000008f700000, 0x000000008f700000| Untracked 
| 248|0x000000008f800000, 0x000000008f800000, 0x000000008f900000|  0%| F|  |TAMS 0x000000008f800000, 0x000000008f800000| Untracked 
| 249|0x000000008f900000, 0x000000008f900000, 0x000000008fa00000|  0%| F|  |TAMS 0x000000008f900000, 0x000000008f900000| Untracked 
| 250|0x000000008fa00000, 0x000000008fa00000, 0x000000008fb00000|  0%| F|  |TAMS 0x000000008fa00000, 0x000000008fa00000| Untracked 
| 251|0x000000008fb00000, 0x000000008fb00000, 0x000000008fc00000|  0%| F|  |TAMS 0x000000008fb00000, 0x000000008fb00000| Untracked 
| 252|0x000000008fc00000, 0x000000008fc00000, 0x000000008fd00000|  0%| F|  |TAMS 0x000000008fc00000, 0x000000008fc00000| Untracked 
| 253|0x000000008fd00000, 0x000000008fd00000, 0x000000008fe00000|  0%| F|  |TAMS 0x000000008fd00000, 0x000000008fd00000| Untracked 
| 254|0x000000008fe00000, 0x000000008fe00000, 0x000000008ff00000|  0%| F|  |TAMS 0x000000008fe00000, 0x000000008fe00000| Untracked 
| 255|0x000000008ff00000, 0x000000008ff00000, 0x0000000090000000|  0%| F|  |TAMS 0x000000008ff00000, 0x000000008ff00000| Untracked 
| 256|0x0000000090000000, 0x0000000090000000, 0x0000000090100000|  0%| F|  |TAMS 0x0000000090000000, 0x0000000090000000| Untracked 
| 257|0x0000000090100000, 0x0000000090100000, 0x0000000090200000|  0%| F|  |TAMS 0x0000000090100000, 0x0000000090100000| Untracked 
| 258|0x0000000090200000, 0x0000000090200000, 0x0000000090300000|  0%| F|  |TAMS 0x0000000090200000, 0x0000000090200000| Untracked 
| 259|0x0000000090300000, 0x0000000090300000, 0x0000000090400000|  0%| F|  |TAMS 0x0000000090300000, 0x0000000090300000| Untracked 
| 260|0x0000000090400000, 0x0000000090400000, 0x0000000090500000|  0%| F|  |TAMS 0x0000000090400000, 0x0000000090400000| Untracked 
| 261|0x0000000090500000, 0x0000000090500000, 0x0000000090600000|  0%| F|  |TAMS 0x0000000090500000, 0x0000000090500000| Untracked 
| 262|0x0000000090600000, 0x0000000090600000, 0x0000000090700000|  0%| F|  |TAMS 0x0000000090600000, 0x0000000090600000| Untracked 
| 263|0x0000000090700000, 0x0000000090700000, 0x0000000090800000|  0%| F|  |TAMS 0x0000000090700000, 0x0000000090700000| Untracked 
| 264|0x0000000090800000, 0x0000000090800000, 0x0000000090900000|  0%| F|  |TAMS 0x0000000090800000, 0x0000000090800000| Untracked 
| 265|0x0000000090900000, 0x0000000090900000, 0x0000000090a00000|  0%| F|  |TAMS 0x0000000090900000, 0x0000000090900000| Untracked 
| 266|0x0000000090a00000, 0x0000000090a00000, 0x0000000090b00000|  0%| F|  |TAMS 0x0000000090a00000, 0x0000000090a00000| Untracked 
| 267|0x0000000090b00000, 0x0000000090b00000, 0x0000000090c00000|  0%| F|  |TAMS 0x0000000090b00000, 0x0000000090b00000| Untracked 
| 268|0x0000000090c00000, 0x0000000090c00000, 0x0000000090d00000|  0%| F|  |TAMS 0x0000000090c00000, 0x0000000090c00000| Untracked 
| 269|0x0000000090d00000, 0x0000000090d00000, 0x0000000090e00000|  0%| F|  |TAMS 0x0000000090d00000, 0x0000000090d00000| Untracked 
| 270|0x0000000090e00000, 0x0000000090e00000, 0x0000000090f00000|  0%| F|  |TAMS 0x0000000090e00000, 0x0000000090e00000| Untracked 
| 271|0x0000000090f00000, 0x0000000090f00000, 0x0000000091000000|  0%| F|  |TAMS 0x0000000090f00000, 0x0000000090f00000| Untracked 
| 272|0x0000000091000000, 0x0000000091000000, 0x0000000091100000|  0%| F|  |TAMS 0x0000000091000000, 0x0000000091000000| Untracked 
| 273|0x0000000091100000, 0x0000000091100000, 0x0000000091200000|  0%| F|  |TAMS 0x0000000091100000, 0x0000000091100000| Untracked 
| 274|0x0000000091200000, 0x0000000091200000, 0x0000000091300000|  0%| F|  |TAMS 0x0000000091200000, 0x0000000091200000| Untracked 
| 275|0x0000000091300000, 0x0000000091300000, 0x0000000091400000|  0%| F|  |TAMS 0x0000000091300000, 0x0000000091300000| Untracked 
| 276|0x0000000091400000, 0x0000000091400000, 0x0000000091500000|  0%| F|  |TAMS 0x0000000091400000, 0x0000000091400000| Untracked 
| 277|0x0000000091500000, 0x0000000091500000, 0x0000000091600000|  0%| F|  |TAMS 0x0000000091500000, 0x0000000091500000| Untracked 
| 278|0x0000000091600000, 0x0000000091600000, 0x0000000091700000|  0%| F|  |TAMS 0x0000000091600000, 0x0000000091600000| Untracked 
| 279|0x0000000091700000, 0x0000000091700000, 0x0000000091800000|  0%| F|  |TAMS 0x0000000091700000, 0x0000000091700000| Untracked 
| 280|0x0000000091800000, 0x0000000091800000, 0x0000000091900000|  0%| F|  |TAMS 0x0000000091800000, 0x0000000091800000| Untracked 
| 281|0x0000000091900000, 0x0000000091900000, 0x0000000091a00000|  0%| F|  |TAMS 0x0000000091900000, 0x0000000091900000| Untracked 
| 282|0x0000000091a00000, 0x0000000091a00000, 0x0000000091b00000|  0%| F|  |TAMS 0x0000000091a00000, 0x0000000091a00000| Untracked 
| 283|0x0000000091b00000, 0x0000000091b00000, 0x0000000091c00000|  0%| F|  |TAMS 0x0000000091b00000, 0x0000000091b00000| Untracked 
| 284|0x0000000091c00000, 0x0000000091c00000, 0x0000000091d00000|  0%| F|  |TAMS 0x0000000091c00000, 0x0000000091c00000| Untracked 
| 285|0x0000000091d00000, 0x0000000091d00000, 0x0000000091e00000|  0%| F|  |TAMS 0x0000000091d00000, 0x0000000091d00000| Untracked 
| 286|0x0000000091e00000, 0x0000000091e00000, 0x0000000091f00000|  0%| F|  |TAMS 0x0000000091e00000, 0x0000000091e00000| Untracked 
| 287|0x0000000091f00000, 0x0000000091f00000, 0x0000000092000000|  0%| F|  |TAMS 0x0000000091f00000, 0x0000000091f00000| Untracked 
| 288|0x0000000092000000, 0x0000000092000000, 0x0000000092100000|  0%| F|  |TAMS 0x0000000092000000, 0x0000000092000000| Untracked 
| 289|0x0000000092100000, 0x0000000092100000, 0x0000000092200000|  0%| F|  |TAMS 0x0000000092100000, 0x0000000092100000| Untracked 
| 290|0x0000000092200000, 0x0000000092200000, 0x0000000092300000|  0%| F|  |TAMS 0x0000000092200000, 0x0000000092200000| Untracked 
| 291|0x0000000092300000, 0x0000000092300000, 0x0000000092400000|  0%| F|  |TAMS 0x0000000092300000, 0x0000000092300000| Untracked 
| 292|0x0000000092400000, 0x0000000092400000, 0x0000000092500000|  0%| F|  |TAMS 0x0000000092400000, 0x0000000092400000| Untracked 
| 293|0x0000000092500000, 0x0000000092500000, 0x0000000092600000|  0%| F|  |TAMS 0x0000000092500000, 0x0000000092500000| Untracked 
| 294|0x0000000092600000, 0x0000000092600000, 0x0000000092700000|  0%| F|  |TAMS 0x0000000092600000, 0x0000000092600000| Untracked 
| 295|0x0000000092700000, 0x0000000092700000, 0x0000000092800000|  0%| F|  |TAMS 0x0000000092700000, 0x0000000092700000| Untracked 
| 296|0x0000000092800000, 0x0000000092800000, 0x0000000092900000|  0%| F|  |TAMS 0x0000000092800000, 0x0000000092800000| Untracked 
| 297|0x0000000092900000, 0x0000000092900000, 0x0000000092a00000|  0%| F|  |TAMS 0x0000000092900000, 0x0000000092900000| Untracked 
| 298|0x0000000092a00000, 0x0000000092b00000, 0x0000000092b00000|100%| S|CS|TAMS 0x0000000092a00000, 0x0000000092a00000| Complete 
| 299|0x0000000092b00000, 0x0000000092c00000, 0x0000000092c00000|100%| S|CS|TAMS 0x0000000092b00000, 0x0000000092b00000| Complete 
| 300|0x0000000092c00000, 0x0000000092c00000, 0x0000000092d00000|  0%| F|  |TAMS 0x0000000092c00000, 0x0000000092c00000| Untracked 
| 301|0x0000000092d00000, 0x0000000092d00000, 0x0000000092e00000|  0%| F|  |TAMS 0x0000000092d00000, 0x0000000092d00000| Untracked 

Card table byte_map: [0x000001e2716a0000,0x000001e271aa0000] _byte_map_base: 0x000001e2712a0000

Marking Bits (Prev, Next): (CMBitMap*) 0x000001e2580bd4b0, (CMBitMap*) 0x000001e2580bd470
 Prev Bits: [0x000001e273ea0000, 0x000001e275ea0000)
 Next Bits: [0x000001e271ea0000, 0x000001e273ea0000)

Polling page: 0x000001e258110000

Metaspace:

Usage:
  Non-class:     99.93 MB used.
      Class:     15.65 MB used.
       Both:    115.58 MB used.

Virtual space:
  Non-class space:      128.00 MB reserved,     101.25 MB ( 79%) committed,  2 nodes.
      Class space:      412.00 MB reserved,      17.06 MB (  4%) committed,  1 nodes.
             Both:      540.00 MB reserved,     118.31 MB ( 22%) committed. 

Chunk freelists:
   Non-Class:  2.02 MB
       Class:  3.00 MB
        Both:  5.01 MB

MaxMetaspaceSize: 512.00 MB
CompressedClassSpaceSize: 412.00 MB
Initial GC threshold: 21.00 MB
Current GC threshold: 197.19 MB
CDS: on
MetaspaceReclaimPolicy: balanced
 - commit_granule_bytes: 65536.
 - commit_granule_words: 8192.
 - virtual_space_node_default_size: 8388608.
 - enlarge_chunks_in_place: 1.
 - new_chunks_are_fully_committed: 0.
 - uncommit_free_chunks: 1.
 - use_allocation_guard: 0.


Internal statistics:

num_allocs_failed_limit: 12.
num_arena_births: 4648.
num_arena_deaths: 0.
num_vsnodes_births: 3.
num_vsnodes_deaths: 0.
num_space_committed: 1893.
num_space_uncommitted: 0.
num_chunks_returned_to_freelist: 12.
num_chunks_taken_from_freelist: 10341.
num_chunk_merges: 12.
num_chunk_splits: 6715.
num_chunks_enlarged: 4146.
num_inconsistent_stats: 0.

CodeHeap 'non-profiled nmethods': size=120000Kb used=8619Kb max_used=8619Kb free=111380Kb
 bounds [0x000001e2693f0000, 0x000001e269c60000, 0x000001e270920000]
CodeHeap 'profiled nmethods': size=120000Kb used=27155Kb max_used=27155Kb free=92844Kb
 bounds [0x000001e261920000, 0x000001e2633b0000, 0x000001e268e50000]
CodeHeap 'non-nmethods': size=5760Kb used=2592Kb max_used=2689Kb free=3167Kb
 bounds [0x000001e268e50000, 0x000001e269100000, 0x000001e2693f0000]
 total_blobs=14777 nmethods=13716 adapters=970
 compilation: enabled
              stopped_count=0, restarted_count=0
 full_count=0

Compilation events (20 events):
Event: 58.404 Thread 0x000001e201441c70 nmethod 16123 0x000001e269c58b90 code [0x000001e269c58d20, 0x000001e269c58f58]
Event: 58.414 Thread 0x000001e27cc1b340 16124       3       org.gradle.api.internal.artifacts.transform.TransformStep::doTransform (112 bytes)
Event: 58.416 Thread 0x000001e27cc1b340 nmethod 16124 0x000001e2633a3390 code [0x000001e2633a36a0, 0x000001e2633a4c28]
Event: 58.416 Thread 0x000001e27cc1b340 16125       3       org.gradle.api.internal.artifacts.transform.TransformExecutionResult$Builder$ProducedOutputOnlyResult::resolveForWorkspace (54 bytes)
Event: 58.417 Thread 0x000001e27cc1b340 nmethod 16125 0x000001e2633a5310 code [0x000001e2633a5660, 0x000001e2633a6c18]
Event: 58.418 Thread 0x000001e27cc1b340 16126       3       org.gradle.api.internal.artifacts.transform.TransformExecutionResult$Builder$ProducedOutputOnlyResult$$Lambda$1016/0x00000008017f3c70::<init> (10 bytes)
Event: 58.418 Thread 0x000001e27cc1b340 nmethod 16126 0x000001e2633a7290 code [0x000001e2633a7440, 0x000001e2633a75f8]
Event: 58.428 Thread 0x000001e27cc174e0 16127       4       org.gradle.api.internal.artifacts.transform.TransformStepSubject$Transformed::getInitialComponentIdentifier (8 bytes)
Event: 58.431 Thread 0x000001e27cc174e0 nmethod 16127 0x000001e269c59090 code [0x000001e269c59240, 0x000001e269c59408]
Event: 58.457 Thread 0x000001e201441c70 16128       4       sun.nio.fs.WindowsFileAttributes::<init> (57 bytes)
Event: 58.458 Thread 0x000001e201441c70 nmethod 16128 0x000001e269c59610 code [0x000001e269c59780, 0x000001e269c59838]
Event: 58.465 Thread 0x000001e201441c70 16129       4       org.gradle.api.internal.file.AbstractOpaqueFileCollection::iterator (10 bytes)
Event: 58.466 Thread 0x000001e27cc174e0 16130       4       org.gradle.api.internal.file.AbstractOpaqueFileCollection::visitContents (11 bytes)
Event: 58.467 Thread 0x000001e201441c70 nmethod 16129 0x000001e269c59910 code [0x000001e269c59aa0, 0x000001e269c59bd8]
Event: 58.467 Thread 0x000001e27cc174e0 nmethod 16130 0x000001e269c59d10 code [0x000001e269c59ea0, 0x000001e269c59f58]
Event: 58.469 Thread 0x000001e201441c70 16131       4       org.gradle.internal.file.FileHierarchySet$Node::contains (101 bytes)
Event: 58.473 Thread 0x000001e27cc174e0 16132       4       sun.nio.fs.WindowsPath::getNameCount (10 bytes)
Event: 58.474 Thread 0x000001e27cc174e0 nmethod 16132 0x000001e269c5a010 code [0x000001e269c5a1a0, 0x000001e269c5a268]
Event: 58.491 Thread 0x000001e27cc174e0 16133       4       java.util.stream.Streams$StreamBuilderImpl::forEachRemaining (30 bytes)
Event: 58.499 Thread 0x000001e27cc174e0 nmethod 16133 0x000001e269c5a310 code [0x000001e269c5a4e0, 0x000001e269c5a988]

GC Heap History (20 events):
Event: 53.302 GC heap after
{Heap after GC invocations=53 (full 0):
 garbage-first heap   total 217088K, used 142416K [0x0000000080000000, 0x0000000100000000)
  region size 1024K, 4 young (4096K), 4 survivors (4096K)
 Metaspace       used 116256K, committed 118848K, reserved 552960K
  class space    used 15765K, committed 17152K, reserved 421888K
}
Event: 55.334 GC heap before
{Heap before GC invocations=53 (full 0):
 garbage-first heap   total 217088K, used 182352K [0x0000000080000000, 0x0000000100000000)
  region size 1024K, 42 young (43008K), 4 survivors (4096K)
 Metaspace       used 117149K, committed 119872K, reserved 552960K
  class space    used 15890K, committed 17280K, reserved 421888K
}
Event: 55.342 GC heap after
{Heap after GC invocations=54 (full 0):
 garbage-first heap   total 217088K, used 154357K [0x0000000080000000, 0x0000000100000000)
  region size 1024K, 6 young (6144K), 6 survivors (6144K)
 Metaspace       used 117149K, committed 119872K, reserved 552960K
  class space    used 15890K, committed 17280K, reserved 421888K
}
Event: 56.414 GC heap before
{Heap before GC invocations=54 (full 0):
 garbage-first heap   total 217088K, used 180981K [0x0000000080000000, 0x0000000100000000)
  region size 1024K, 32 young (32768K), 6 survivors (6144K)
 Metaspace       used 117903K, committed 120640K, reserved 552960K
  class space    used 15985K, committed 17408K, reserved 421888K
}
Event: 56.424 GC heap after
{Heap after GC invocations=55 (full 0):
 garbage-first heap   total 217088K, used 161768K [0x0000000080000000, 0x0000000100000000)
  region size 1024K, 4 young (4096K), 4 survivors (4096K)
 Metaspace       used 117903K, committed 120640K, reserved 552960K
  class space    used 15985K, committed 17408K, reserved 421888K
}
Event: 57.373 GC heap before
{Heap before GC invocations=55 (full 0):
 garbage-first heap   total 217088K, used 182248K [0x0000000080000000, 0x0000000100000000)
  region size 1024K, 24 young (24576K), 4 survivors (4096K)
 Metaspace       used 118202K, committed 121024K, reserved 552960K
  class space    used 16013K, committed 17472K, reserved 421888K
}
Event: 57.383 GC heap after
{Heap after GC invocations=56 (full 0):
 garbage-first heap   total 217088K, used 168395K [0x0000000080000000, 0x0000000100000000)
  region size 1024K, 3 young (3072K), 3 survivors (3072K)
 Metaspace       used 118202K, committed 121024K, reserved 552960K
  class space    used 16013K, committed 17472K, reserved 421888K
}
Event: 57.937 GC heap before
{Heap before GC invocations=56 (full 0):
 garbage-first heap   total 217088K, used 181707K [0x0000000080000000, 0x0000000100000000)
  region size 1024K, 17 young (17408K), 3 survivors (3072K)
 Metaspace       used 118346K, committed 121152K, reserved 552960K
  class space    used 16021K, committed 17472K, reserved 421888K
}
Event: 57.943 GC heap after
{Heap after GC invocations=57 (full 0):
 garbage-first heap   total 217088K, used 171671K [0x0000000080000000, 0x0000000100000000)
  region size 1024K, 3 young (3072K), 3 survivors (3072K)
 Metaspace       used 118346K, committed 121152K, reserved 552960K
  class space    used 16021K, committed 17472K, reserved 421888K
}
Event: 58.020 GC heap before
{Heap before GC invocations=57 (full 0):
 garbage-first heap   total 217088K, used 182935K [0x0000000080000000, 0x0000000100000000)
  region size 1024K, 15 young (15360K), 3 survivors (3072K)
 Metaspace       used 118346K, committed 121152K, reserved 552960K
  class space    used 16021K, committed 17472K, reserved 421888K
}
Event: 58.025 GC heap after
{Heap after GC invocations=58 (full 0):
 garbage-first heap   total 217088K, used 173759K [0x0000000080000000, 0x0000000100000000)
  region size 1024K, 2 young (2048K), 2 survivors (2048K)
 Metaspace       used 118346K, committed 121152K, reserved 552960K
  class space    used 16021K, committed 17472K, reserved 421888K
}
Event: 58.111 GC heap before
{Heap before GC invocations=58 (full 0):
 garbage-first heap   total 217088K, used 186047K [0x0000000080000000, 0x0000000100000000)
  region size 1024K, 14 young (14336K), 2 survivors (2048K)
 Metaspace       used 118349K, committed 121152K, reserved 552960K
  class space    used 16021K, committed 17472K, reserved 421888K
}
Event: 58.115 GC heap after
{Heap after GC invocations=59 (full 0):
 garbage-first heap   total 217088K, used 174759K [0x0000000080000000, 0x0000000100000000)
  region size 1024K, 2 young (2048K), 2 survivors (2048K)
 Metaspace       used 118349K, committed 121152K, reserved 552960K
  class space    used 16021K, committed 17472K, reserved 421888K
}
Event: 58.194 GC heap before
{Heap before GC invocations=59 (full 0):
 garbage-first heap   total 217088K, used 184999K [0x0000000080000000, 0x0000000100000000)
  region size 1024K, 13 young (13312K), 2 survivors (2048K)
 Metaspace       used 118350K, committed 121152K, reserved 552960K
  class space    used 16021K, committed 17472K, reserved 421888K
}
Event: 58.198 GC heap after
{Heap after GC invocations=60 (full 0):
 garbage-first heap   total 217088K, used 175598K [0x0000000080000000, 0x0000000100000000)
  region size 1024K, 2 young (2048K), 2 survivors (2048K)
 Metaspace       used 118350K, committed 121152K, reserved 552960K
  class space    used 16021K, committed 17472K, reserved 421888K
}
Event: 58.350 GC heap before
{Heap before GC invocations=60 (full 0):
 garbage-first heap   total 217088K, used 185838K [0x0000000080000000, 0x0000000100000000)
  region size 1024K, 13 young (13312K), 2 survivors (2048K)
 Metaspace       used 118350K, committed 121152K, reserved 552960K
  class space    used 16021K, committed 17472K, reserved 421888K
}
Event: 58.354 GC heap after
{Heap after GC invocations=61 (full 0):
 garbage-first heap   total 217088K, used 176216K [0x0000000080000000, 0x0000000100000000)
  region size 1024K, 2 young (2048K), 2 survivors (2048K)
 Metaspace       used 118350K, committed 121152K, reserved 552960K
  class space    used 16021K, committed 17472K, reserved 421888K
}
Event: 58.433 GC heap before
{Heap before GC invocations=61 (full 0):
 garbage-first heap   total 217088K, used 185432K [0x0000000080000000, 0x0000000100000000)
  region size 1024K, 12 young (12288K), 2 survivors (2048K)
 Metaspace       used 118350K, committed 121152K, reserved 552960K
  class space    used 16021K, committed 17472K, reserved 421888K
}
Event: 58.436 GC heap after
{Heap after GC invocations=62 (full 0):
 garbage-first heap   total 217088K, used 176786K [0x0000000080000000, 0x0000000100000000)
  region size 1024K, 2 young (2048K), 2 survivors (2048K)
 Metaspace       used 118350K, committed 121152K, reserved 552960K
  class space    used 16021K, committed 17472K, reserved 421888K
}
Event: 58.514 GC heap before
{Heap before GC invocations=62 (full 0):
 garbage-first heap   total 309248K, used 187026K [0x0000000080000000, 0x0000000100000000)
  region size 1024K, 12 young (12288K), 2 survivors (2048K)
 Metaspace       used 118350K, committed 121152K, reserved 552960K
  class space    used 16021K, committed 17472K, reserved 421888K
}

Dll operation events (15 events):
Event: 0.029 Loaded shared library C:\Program Files\Java\jdk-19\bin\java.dll
Event: 0.147 Loaded shared library C:\Program Files\Java\jdk-19\bin\jsvml.dll
Event: 0.286 Loaded shared library C:\Program Files\Java\jdk-19\bin\zip.dll
Event: 0.292 Loaded shared library C:\Program Files\Java\jdk-19\bin\instrument.dll
Event: 0.302 Loaded shared library C:\Program Files\Java\jdk-19\bin\net.dll
Event: 0.305 Loaded shared library C:\Program Files\Java\jdk-19\bin\nio.dll
Event: 0.315 Loaded shared library C:\Program Files\Java\jdk-19\bin\zip.dll
Event: 0.833 Loaded shared library C:\Program Files\Java\jdk-19\bin\jimage.dll
Event: 1.142 Loaded shared library C:\Program Files\Java\jdk-19\bin\verify.dll
Event: 1.322 Loaded shared library C:\Users\Mr. Lonely\.gradle\native\1def1411415f61bf3af743bc5b6707747c0891f09f0c88961ee8f79bc544acac\windows-amd64\native-platform.dll
Event: 1.350 Loaded shared library C:\Users\Mr. Lonely\.gradle\native\0.2.7\x86_64-windows-gnu\gradle-fileevents.dll
Event: 3.586 Loaded shared library C:\Program Files\Java\jdk-19\bin\management.dll
Event: 3.591 Loaded shared library C:\Program Files\Java\jdk-19\bin\management_ext.dll
Event: 4.251 Loaded shared library C:\Program Files\Java\jdk-19\bin\extnet.dll
Event: 4.713 Loaded shared library C:\Program Files\Java\jdk-19\bin\sunmscapi.dll

Deoptimization events (20 events):
Event: 56.099 Thread 0x000001e27eb41bf0 DEOPT PACKING pc=0x000001e269bd0694 sp=0x0000002380af9340
Event: 56.099 Thread 0x000001e27eb41bf0 DEOPT UNPACKING pc=0x000001e268eb6da3 sp=0x0000002380af9318 mode 2
Event: 56.099 Thread 0x000001e27eb41bf0 Uncommon trap: trap_request=0xffffffbe fr.pc=0x000001e269bd0694 relative=0x0000000000000774
Event: 56.099 Thread 0x000001e27eb41bf0 Uncommon trap: reason=profile_predicate action=maybe_recompile pc=0x000001e269bd0694 method=groovy.lang.MetaClassImpl$MethodIndexAction.iterate()V @ 78 c2
Event: 56.099 Thread 0x000001e27eb41bf0 DEOPT PACKING pc=0x000001e269bd0694 sp=0x0000002380af9340
Event: 56.099 Thread 0x000001e27eb41bf0 DEOPT UNPACKING pc=0x000001e268eb6da3 sp=0x0000002380af9318 mode 2
Event: 56.591 Thread 0x000001e27eb41bf0 DEOPT PACKING pc=0x000001e262ecb75b sp=0x0000002380af9210
Event: 56.591 Thread 0x000001e27eb41bf0 DEOPT UNPACKING pc=0x000001e268eb7543 sp=0x0000002380af8760 mode 0
Event: 57.354 Thread 0x000001e27eb471b0 Uncommon trap: trap_request=0xffffff45 fr.pc=0x000001e269907590 relative=0x00000000000004d0
Event: 57.354 Thread 0x000001e27eb471b0 Uncommon trap: reason=unstable_if action=reinterpret pc=0x000001e269907590 method=com.esotericsoftware.kryo.io.Output.writeVarLong(JZ)I @ 55 c2
Event: 57.354 Thread 0x000001e27eb471b0 DEOPT PACKING pc=0x000001e269907590 sp=0x0000002380bfecc0
Event: 57.354 Thread 0x000001e27eb471b0 DEOPT UNPACKING pc=0x000001e268eb6da3 sp=0x0000002380bfec90 mode 2
Event: 57.610 Thread 0x000001e27eb41bf0 Uncommon trap: trap_request=0xffffffbe fr.pc=0x000001e269940f64 relative=0x0000000000000284
Event: 57.610 Thread 0x000001e27eb41bf0 Uncommon trap: reason=profile_predicate action=maybe_recompile pc=0x000001e269940f64 method=java.util.Collections.indexedBinarySearch(Ljava/util/List;Ljava/lang/Object;Ljava/util/Comparator;)I @ 15 c2
Event: 57.610 Thread 0x000001e27eb41bf0 DEOPT PACKING pc=0x000001e269940f64 sp=0x0000002380af8380
Event: 57.610 Thread 0x000001e27eb41bf0 DEOPT UNPACKING pc=0x000001e268eb6da3 sp=0x0000002380af82b0 mode 2
Event: 57.612 Thread 0x000001e27eb41bf0 Uncommon trap: trap_request=0xffffffbe fr.pc=0x000001e26993e810 relative=0x0000000000000230
Event: 57.612 Thread 0x000001e27eb41bf0 Uncommon trap: reason=profile_predicate action=maybe_recompile pc=0x000001e26993e810 method=java.util.Collections.indexedBinarySearch(Ljava/util/List;Ljava/lang/Object;Ljava/util/Comparator;)I @ 15 c2
Event: 57.612 Thread 0x000001e27eb41bf0 DEOPT PACKING pc=0x000001e26993e810 sp=0x0000002380af8300
Event: 57.612 Thread 0x000001e27eb41bf0 DEOPT UNPACKING pc=0x000001e268eb6da3 sp=0x0000002380af82b0 mode 2

Classes loaded (20 events):
Event: 55.380 Loading class java/lang/CloneableCustomizer
Event: 55.380 Loading class java/lang/CloneableCustomizer done
Event: 55.381 Loading class java/io/SerializableBeanInfo
Event: 55.381 Loading class java/io/SerializableBeanInfo done
Event: 55.381 Loading class java/io/SerializableBeanInfo
Event: 55.381 Loading class java/io/SerializableBeanInfo done
Event: 55.381 Loading class java/io/SerializableCustomizer
Event: 55.381 Loading class java/io/SerializableCustomizer done
Event: 55.382 Loading class java/io/SerializableCustomizer
Event: 55.382 Loading class java/io/SerializableCustomizer done
Event: 55.385 Loading class java/lang/ClassBeanInfo
Event: 55.385 Loading class java/lang/ClassBeanInfo done
Event: 55.385 Loading class java/lang/ClassBeanInfo
Event: 55.385 Loading class java/lang/ClassBeanInfo done
Event: 55.385 Loading class java/lang/ClassCustomizer
Event: 55.385 Loading class java/lang/ClassCustomizer done
Event: 55.386 Loading class java/lang/ClassCustomizer
Event: 55.386 Loading class java/lang/ClassCustomizer done
Event: 55.423 Loading class java/io/LineNumberReader
Event: 55.423 Loading class java/io/LineNumberReader done

Classes unloaded (0 events):
No events

Classes redefined (0 events):
No events

Internal exceptions (20 events):
Event: 55.647 Thread 0x000001e27eb41bf0 Exception <a 'java/lang/ClassNotFoundException'{0x000000008cabdee8}: org/gradle/util/internal/DefaultGradleVersionBeanInfo> (0x000000008cabdee8) 
thrown [s\open\src\hotspot\share\classfile\systemDictionary.cpp, line 255]
Event: 55.650 Thread 0x000001e27eb41bf0 Exception <a 'java/lang/ClassNotFoundException'{0x000000008cad3de8}: org/gradle/util/internal/DefaultGradleVersionCustomizer> (0x000000008cad3de8) 
thrown [s\open\src\hotspot\share\classfile\systemDictionary.cpp, line 255]
Event: 55.789 Thread 0x000001e27eb41bf0 Exception <a 'java/lang/ClassNotFoundException'{0x000000008c54a040}: build_cuq8pbtlnmhqgo4r3m671e3lkBeanInfo> (0x000000008c54a040) 
thrown [s\open\src\hotspot\share\classfile\systemDictionary.cpp, line 255]
Event: 55.790 Thread 0x000001e27eb41bf0 Exception <a 'java/lang/ClassNotFoundException'{0x000000008c550ce0}: build_cuq8pbtlnmhqgo4r3m671e3lkCustomizer> (0x000000008c550ce0) 
thrown [s\open\src\hotspot\share\classfile\systemDictionary.cpp, line 255]
Event: 55.934 Thread 0x000001e27eb41bf0 Exception <a 'java/lang/ClassNotFoundException'{0x000000008c260578}: build_cuq8pbtlnmhqgo4r3m671e3lkBeanInfo> (0x000000008c260578) 
thrown [s\open\src\hotspot\share\classfile\systemDictionary.cpp, line 255]
Event: 55.934 Thread 0x000001e27eb41bf0 Exception <a 'java/lang/ClassNotFoundException'{0x000000008c2671a8}: build_cuq8pbtlnmhqgo4r3m671e3lkCustomizer> (0x000000008c2671a8) 
thrown [s\open\src\hotspot\share\classfile\systemDictionary.cpp, line 255]
Event: 56.100 Thread 0x000001e27eb41bf0 Exception <a 'java/lang/ClassNotFoundException'{0x000000008bd19290}: build_f0kvpi8o4kf2dg2gvwt48tifyBeanInfo> (0x000000008bd19290) 
thrown [s\open\src\hotspot\share\classfile\systemDictionary.cpp, line 255]
Event: 56.101 Thread 0x000001e27eb41bf0 Exception <a 'java/lang/ClassNotFoundException'{0x000000008bd1ff30}: build_f0kvpi8o4kf2dg2gvwt48tifyCustomizer> (0x000000008bd1ff30) 
thrown [s\open\src\hotspot\share\classfile\systemDictionary.cpp, line 255]
Event: 56.370 Thread 0x000001e27eb41bf0 Exception <a 'java/lang/ClassNotFoundException'{0x000000008ba60a80}: build_f0kvpi8o4kf2dg2gvwt48tifyBeanInfo> (0x000000008ba60a80) 
thrown [s\open\src\hotspot\share\classfile\systemDictionary.cpp, line 255]
Event: 56.371 Thread 0x000001e27eb41bf0 Exception <a 'java/lang/ClassNotFoundException'{0x000000008ba676b0}: build_f0kvpi8o4kf2dg2gvwt48tifyCustomizer> (0x000000008ba676b0) 
thrown [s\open\src\hotspot\share\classfile\systemDictionary.cpp, line 255]
Event: 56.589 Thread 0x000001e27eb41bf0 Exception <a 'java/lang/ClassNotFoundException'{0x000000008cf41850}: build_aumuisznn5xkaurgpml5ptejuBeanInfo> (0x000000008cf41850) 
thrown [s\open\src\hotspot\share\classfile\systemDictionary.cpp, line 255]
Event: 56.590 Thread 0x000001e27eb41bf0 Exception <a 'java/lang/ClassNotFoundException'{0x000000008cf484f0}: build_aumuisznn5xkaurgpml5ptejuCustomizer> (0x000000008cf484f0) 
thrown [s\open\src\hotspot\share\classfile\systemDictionary.cpp, line 255]
Event: 56.718 Thread 0x000001e27eb41bf0 Exception <a 'java/lang/ClassNotFoundException'{0x000000008cc9f2d0}: build_aumuisznn5xkaurgpml5ptejuBeanInfo> (0x000000008cc9f2d0) 
thrown [s\open\src\hotspot\share\classfile\systemDictionary.cpp, line 255]
Event: 56.720 Thread 0x000001e27eb41bf0 Exception <a 'java/lang/ClassNotFoundException'{0x000000008cca5f00}: build_aumuisznn5xkaurgpml5ptejuCustomizer> (0x000000008cca5f00) 
thrown [s\open\src\hotspot\share\classfile\systemDictionary.cpp, line 255]
Event: 56.982 Thread 0x000001e27eb41bf0 Exception <a 'java/lang/ClassNotFoundException'{0x000000008c748c70}: build_9c3jotraugdx2mcqviwnnaa1aBeanInfo> (0x000000008c748c70) 
thrown [s\open\src\hotspot\share\classfile\systemDictionary.cpp, line 255]
Event: 56.986 Thread 0x000001e27eb41bf0 Exception <a 'java/lang/ClassNotFoundException'{0x000000008c74f910}: build_9c3jotraugdx2mcqviwnnaa1aCustomizer> (0x000000008c74f910) 
thrown [s\open\src\hotspot\share\classfile\systemDictionary.cpp, line 255]
Event: 57.191 Thread 0x000001e27eb41bf0 Exception <a 'java/lang/ClassNotFoundException'{0x000000008c478c88}: build_9c3jotraugdx2mcqviwnnaa1aBeanInfo> (0x000000008c478c88) 
thrown [s\open\src\hotspot\share\classfile\systemDictionary.cpp, line 255]
Event: 57.195 Thread 0x000001e27eb41bf0 Exception <a 'java/lang/ClassNotFoundException'{0x000000008c47f8b8}: build_9c3jotraugdx2mcqviwnnaa1aCustomizer> (0x000000008c47f8b8) 
thrown [s\open\src\hotspot\share\classfile\systemDictionary.cpp, line 255]
Event: 57.372 Thread 0x000001e27eb41bf0 Exception <a 'java/lang/ClassNotFoundException'{0x000000008c0fc098}: build_68ncx0hvgla7ga8xas0q7dqctBeanInfo> (0x000000008c0fc098) 
thrown [s\open\src\hotspot\share\classfile\systemDictionary.cpp, line 255]
Event: 57.385 Thread 0x000001e27eb41bf0 Exception <a 'java/lang/ClassNotFoundException'{0x000000008d303ca0}: build_68ncx0hvgla7ga8xas0q7dqctCustomizer> (0x000000008d303ca0) 
thrown [s\open\src\hotspot\share\classfile\systemDictionary.cpp, line 255]

VM Operations (20 events):
Event: 56.161 Executing VM operation: ICBufferFull done
Event: 56.414 Executing VM operation: G1CollectForAllocation
Event: 56.424 Executing VM operation: G1CollectForAllocation done
Event: 57.373 Executing VM operation: G1CollectForAllocation
Event: 57.383 Executing VM operation: G1CollectForAllocation done
Event: 57.937 Executing VM operation: G1CollectForAllocation
Event: 57.943 Executing VM operation: G1CollectForAllocation done
Event: 58.020 Executing VM operation: G1CollectForAllocation
Event: 58.025 Executing VM operation: G1CollectForAllocation done
Event: 58.111 Executing VM operation: G1CollectForAllocation
Event: 58.116 Executing VM operation: G1CollectForAllocation done
Event: 58.193 Executing VM operation: G1CollectForAllocation
Event: 58.199 Executing VM operation: G1CollectForAllocation done
Event: 58.349 Executing VM operation: G1CollectForAllocation
Event: 58.355 Executing VM operation: G1CollectForAllocation done
Event: 58.432 Executing VM operation: G1CollectForAllocation
Event: 58.438 Executing VM operation: G1CollectForAllocation done
Event: 58.479 Executing VM operation: G1PauseRemark
Event: 58.490 Executing VM operation: G1PauseRemark done
Event: 58.513 Executing VM operation: G1CollectForAllocation

Events (20 events):
Event: 49.673 Thread 0x000001e27cc573c0 flushing nmethod 0x000001e262face90
Event: 49.673 Thread 0x000001e27cc573c0 flushing nmethod 0x000001e262fb7590
Event: 49.673 Thread 0x000001e27cc573c0 flushing nmethod 0x000001e262fb9610
Event: 52.299 Thread 0x000001e201445410 Thread exited: 0x000001e201445410
Event: 52.550 Thread 0x000001e201442200 Thread added: 0x000001e201442200
Event: 53.622 Thread 0x000001e201442200 Thread exited: 0x000001e201442200
Event: 54.002 Thread 0x000001e2014432b0 Thread added: 0x000001e2014432b0
Event: 54.635 Thread 0x000001e2014432b0 Thread exited: 0x000001e2014432b0
Event: 55.329 Thread 0x000001e2014416e0 Thread added: 0x000001e2014416e0
Event: 55.440 Thread 0x000001e27cc573c0 flushing nmethod 0x000001e26232bd10
Event: 55.441 Thread 0x000001e27cc573c0 flushing nmethod 0x000001e2623c7110
Event: 55.441 Thread 0x000001e27cc573c0 flushing nmethod 0x000001e2623d4910
Event: 55.443 Thread 0x000001e27cc573c0 flushing nmethod 0x000001e2625c0410
Event: 55.444 Thread 0x000001e27cc573c0 flushing nmethod 0x000001e262674510
Event: 55.446 Thread 0x000001e27cc573c0 flushing nmethod 0x000001e262818e90
Event: 55.454 Thread 0x000001e27cc573c0 flushing nmethod 0x000001e2630c4090
Event: 55.515 Thread 0x000001e2014416e0 Thread exited: 0x000001e2014416e0
Event: 55.617 Thread 0x000001e201442200 Thread added: 0x000001e201442200
Event: 56.362 Thread 0x000001e201442200 Thread exited: 0x000001e201442200
Event: 57.016 Thread 0x000001e201441c70 Thread added: 0x000001e201441c70


Dynamic libraries:
0x00007ff7bd3a0000 - 0x00007ff7bd3b0000 	C:\Program Files\Java\jdk-19\bin\java.exe
0x00007ffd36ee0000 - 0x00007ffd37146000 	C:\WINDOWS\SYSTEM32\ntdll.dll
0x00007ffd051d0000 - 0x00007ffd051eb000 	C:\Program Files\Avast Software\Avast\aswhook.dll
0x00007ffd35c20000 - 0x00007ffd35ce9000 	C:\WINDOWS\System32\KERNEL32.DLL
0x00007ffd34350000 - 0x00007ffd3471c000 	C:\WINDOWS\System32\KERNELBASE.dll
0x00007ffd255c0000 - 0x00007ffd255d8000 	C:\Program Files\Java\jdk-19\bin\jli.dll
0x00007ffd34ac0000 - 0x00007ffd34c0b000 	C:\WINDOWS\System32\ucrtbase.dll
0x00007ffd35cf0000 - 0x00007ffd35da2000 	C:\WINDOWS\System32\ADVAPI32.dll
0x00007ffd255a0000 - 0x00007ffd255bb000 	C:\Program Files\Java\jdk-19\bin\VCRUNTIME140.dll
0x00007ffd35f50000 - 0x00007ffd35ff9000 	C:\WINDOWS\System32\msvcrt.dll
0x00007ffd357d0000 - 0x00007ffd35876000 	C:\WINDOWS\System32\sechost.dll
0x00007ffd35e30000 - 0x00007ffd35f46000 	C:\WINDOWS\System32\RPCRT4.dll
0x00007ffd366f0000 - 0x00007ffd368ba000 	C:\WINDOWS\System32\USER32.dll
0x00007ffd19940000 - 0x00007ffd19bda000 	C:\WINDOWS\WinSxS\amd64_microsoft.windows.common-controls_6595b64144ccf1df_6.0.26100.3912_none_3e07963ce335137e\COMCTL32.dll
0x00007ffd34720000 - 0x00007ffd34747000 	C:\WINDOWS\System32\win32u.dll
0x00007ffd356b0000 - 0x00007ffd356db000 	C:\WINDOWS\System32\GDI32.dll
0x00007ffd34980000 - 0x00007ffd34ab2000 	C:\WINDOWS\System32\gdi32full.dll
0x00007ffd34750000 - 0x00007ffd347f3000 	C:\WINDOWS\System32\msvcp_win.dll
0x00007ffd2a960000 - 0x00007ffd2a96b000 	C:\WINDOWS\SYSTEM32\VERSION.dll
0x00007ffd36950000 - 0x00007ffd36980000 	C:\WINDOWS\System32\IMM32.DLL
0x00007ffd2ea80000 - 0x00007ffd2ea8c000 	C:\Program Files\Java\jdk-19\bin\vcruntime140_1.dll
0x00007ffce75f0000 - 0x00007ffce767e000 	C:\Program Files\Java\jdk-19\bin\msvcp140.dll
0x00007ffc86860000 - 0x00007ffc87520000 	C:\Program Files\Java\jdk-19\bin\server\jvm.dll
0x00007ffd16170000 - 0x00007ffd1617a000 	C:\WINDOWS\SYSTEM32\WSOCK32.dll
0x00007ffd14c40000 - 0x00007ffd14c76000 	C:\WINDOWS\SYSTEM32\WINMM.dll
0x00007ffd36e20000 - 0x00007ffd36e94000 	C:\WINDOWS\System32\WS2_32.dll
0x00007ffd32ea0000 - 0x00007ffd32eba000 	C:\WINDOWS\SYSTEM32\kernel.appcore.dll
0x00007ffd2aa80000 - 0x00007ffd2aa8a000 	C:\Program Files\Java\jdk-19\bin\jimage.dll
0x00007ffd315f0000 - 0x00007ffd31831000 	C:\WINDOWS\SYSTEM32\DBGHELP.DLL
0x00007ffd35890000 - 0x00007ffd35c14000 	C:\WINDOWS\System32\combase.dll
0x00007ffd356e0000 - 0x00007ffd357c0000 	C:\WINDOWS\System32\OLEAUT32.dll
0x00007ffd22880000 - 0x00007ffd228b9000 	C:\WINDOWS\SYSTEM32\dbgcore.DLL
0x00007ffd34070000 - 0x00007ffd34109000 	C:\WINDOWS\System32\bcryptPrimitives.dll
0x00007ffd18810000 - 0x00007ffd1881e000 	C:\Program Files\Java\jdk-19\bin\instrument.dll
0x00007ffd07db0000 - 0x00007ffd07dd6000 	C:\Program Files\Java\jdk-19\bin\java.dll
0x00007ffca8c80000 - 0x00007ffca8d57000 	C:\Program Files\Java\jdk-19\bin\jsvml.dll
0x00007ffd34ca0000 - 0x00007ffd353cd000 	C:\WINDOWS\System32\SHELL32.dll
0x00007ffd34800000 - 0x00007ffd34974000 	C:\WINDOWS\System32\wintypes.dll
0x00007ffd31cc0000 - 0x00007ffd32516000 	C:\WINDOWS\SYSTEM32\windows.storage.dll
0x00007ffd36000000 - 0x00007ffd360ef000 	C:\WINDOWS\System32\SHCORE.dll
0x00007ffd35630000 - 0x00007ffd35699000 	C:\WINDOWS\System32\shlwapi.dll
0x00007ffd33f80000 - 0x00007ffd33faf000 	C:\WINDOWS\SYSTEM32\profapi.dll
0x00007ffd06090000 - 0x00007ffd060a8000 	C:\Program Files\Java\jdk-19\bin\zip.dll
0x00007ffd252e0000 - 0x00007ffd252f3000 	C:\Program Files\Java\jdk-19\bin\net.dll
0x00007ffd2a380000 - 0x00007ffd2a49e000 	C:\WINDOWS\SYSTEM32\WINHTTP.dll
0x00007ffd33460000 - 0x00007ffd334ca000 	C:\WINDOWS\system32\mswsock.dll
0x00007ffd0bfe0000 - 0x00007ffd0bff6000 	C:\Program Files\Java\jdk-19\bin\nio.dll
0x00007ffd25590000 - 0x00007ffd255a0000 	C:\Program Files\Java\jdk-19\bin\verify.dll
0x00007ffd022b0000 - 0x00007ffd022d7000 	C:\Users\Mr. Lonely\.gradle\native\1def1411415f61bf3af743bc5b6707747c0891f09f0c88961ee8f79bc544acac\windows-amd64\native-platform.dll
0x00007ffcf8060000 - 0x00007ffcf80d8000 	C:\Users\Mr. Lonely\.gradle\native\0.2.7\x86_64-windows-gnu\gradle-fileevents.dll
0x00007ffd25240000 - 0x00007ffd2524a000 	C:\Program Files\Java\jdk-19\bin\management.dll
0x00007ffd220d0000 - 0x00007ffd220db000 	C:\Program Files\Java\jdk-19\bin\management_ext.dll
0x00007ffd35540000 - 0x00007ffd35548000 	C:\WINDOWS\System32\PSAPI.DLL
0x00007ffd32860000 - 0x00007ffd32893000 	C:\WINDOWS\SYSTEM32\IPHLPAPI.DLL
0x00007ffd36100000 - 0x00007ffd3610a000 	C:\WINDOWS\System32\NSI.dll
0x00007ffd2a920000 - 0x00007ffd2a93f000 	C:\WINDOWS\SYSTEM32\dhcpcsvc6.DLL
0x00007ffd25c70000 - 0x00007ffd25c95000 	C:\WINDOWS\SYSTEM32\dhcpcsvc.DLL
0x00007ffd32900000 - 0x00007ffd32a27000 	C:\WINDOWS\SYSTEM32\DNSAPI.dll
0x00007ffd19230000 - 0x00007ffd19238000 	C:\Program Files\Java\jdk-19\bin\extnet.dll
0x00007ffd33820000 - 0x00007ffd3383c000 	C:\WINDOWS\SYSTEM32\CRYPTSP.dll
0x00007ffd32dc0000 - 0x00007ffd32dfa000 	C:\WINDOWS\system32\rsaenh.dll
0x00007ffd33500000 - 0x00007ffd3352b000 	C:\WINDOWS\SYSTEM32\USERENV.dll
0x00007ffd33f50000 - 0x00007ffd33f76000 	C:\WINDOWS\SYSTEM32\bcrypt.dll
0x00007ffd33690000 - 0x00007ffd3369c000 	C:\WINDOWS\SYSTEM32\CRYPTBASE.dll
0x00007ffd166e0000 - 0x00007ffd166ee000 	C:\Program Files\Java\jdk-19\bin\sunmscapi.dll
0x00007ffd341d0000 - 0x00007ffd34347000 	C:\WINDOWS\System32\CRYPT32.dll
0x00007ffd33970000 - 0x00007ffd339a0000 	C:\WINDOWS\SYSTEM32\ncrypt.dll
0x00007ffd33920000 - 0x00007ffd3395f000 	C:\WINDOWS\SYSTEM32\NTASN1.dll
0x00007ffd14db0000 - 0x00007ffd14db8000 	C:\WINDOWS\system32\wshunix.dll
0x00007ffd2a950000 - 0x00007ffd2a95b000 	C:\Windows\System32\rasadhlp.dll
0x00007ffd24a10000 - 0x00007ffd24a96000 	C:\WINDOWS\System32\fwpuclnt.dll
0x00007ffd0c0b0000 - 0x00007ffd0c0c8000 	C:\WINDOWS\system32\napinsp.dll
0x00007ffd0c090000 - 0x00007ffd0c0a2000 	C:\WINDOWS\System32\winrnr.dll
0x00007ffd0c050000 - 0x00007ffd0c080000 	C:\WINDOWS\system32\nlansp_c.dll
0x00007ffd249e0000 - 0x00007ffd24a00000 	C:\WINDOWS\system32\wshbth.dll

dbghelp: loaded successfully - version: 4.0.5 - missing functions: none
symbol engine: initialized successfully - sym options: 0x614 - pdb path: .;C:\Program Files\Java\jdk-19\bin;C:\WINDOWS\SYSTEM32;C:\Program Files\Avast Software\Avast;C:\WINDOWS\WinSxS\amd64_microsoft.windows.common-controls_6595b64144ccf1df_6.0.26100.3912_none_3e07963ce335137e;C:\Program Files\Java\jdk-19\bin\server;C:\Users\Mr. Lonely\.gradle\native\1def1411415f61bf3af743bc5b6707747c0891f09f0c88961ee8f79bc544acac\windows-amd64;C:\Users\Mr. Lonely\.gradle\native\0.2.7\x86_64-windows-gnu

VM Arguments:
jvm_args: --add-opens=java.base/java.lang=ALL-UNNAMED --add-opens=java.base/java.lang.invoke=ALL-UNNAMED --add-opens=java.base/java.util=ALL-UNNAMED --add-opens=java.prefs/java.util.prefs=ALL-UNNAMED --add-exports=jdk.compiler/com.sun.tools.javac.api=ALL-UNNAMED --add-exports=jdk.compiler/com.sun.tools.javac.util=ALL-UNNAMED --add-opens=java.base/java.util=ALL-UNNAMED --add-opens=java.prefs/java.util.prefs=ALL-UNNAMED --add-opens=java.base/java.nio.charset=ALL-UNNAMED --add-opens=java.base/java.net=ALL-UNNAMED --add-opens=java.base/java.util.concurrent.atomic=ALL-UNNAMED --add-opens=java.xml/javax.xml.namespace=ALL-UNNAMED -XX:MaxMetaspaceSize=512m -Xmx2048m -Dfile.encoding=UTF-8 -Duser.country=CM -Duser.language=fr -Duser.variant -javaagent:C:\Users\Mr. Lonely\.gradle\wrapper\dists\gradle-8.13-bin\5xuhj0ry160q40clulazy9h7d\gradle-8.13\lib\agents\gradle-instrumentation-agent-8.13.jar 
java_command: org.gradle.launcher.daemon.bootstrap.GradleDaemon 8.13
java_class_path (initial): C:\Users\Mr. Lonely\.gradle\wrapper\dists\gradle-8.13-bin\5xuhj0ry160q40clulazy9h7d\gradle-8.13\lib\gradle-daemon-main-8.13.jar
Launcher Type: SUN_STANDARD

[Global flags]
     intx CICompilerCount                          = 4                                         {product} {ergonomic}
   size_t CompressedClassSpaceSize                 = 432013312                                 {product} {ergonomic}
     uint ConcGCThreads                            = 2                                         {product} {ergonomic}
     uint G1ConcRefinementThreads                  = 8                                         {product} {ergonomic}
   size_t G1HeapRegionSize                         = 1048576                                   {product} {ergonomic}
    uintx GCDrainStackTargetSize                   = 64                                        {product} {ergonomic}
   size_t InitialHeapSize                          = 132120576                                 {product} {ergonomic}
   size_t MarkStackSize                            = 4194304                                   {product} {ergonomic}
   size_t MaxHeapSize                              = 2147483648                                {product} {command line}
   size_t MaxMetaspaceSize                         = 536870912                                 {product} {command line}
   size_t MaxNewSize                               = 1287651328                                {product} {ergonomic}
   size_t MinHeapDeltaBytes                        = 1048576                                   {product} {ergonomic}
   size_t MinHeapSize                              = 8388608                                   {product} {ergonomic}
    uintx NonNMethodCodeHeapSize                   = 5839372                                {pd product} {ergonomic}
    uintx NonProfiledCodeHeapSize                  = 122909434                              {pd product} {ergonomic}
    uintx ProfiledCodeHeapSize                     = 122909434                              {pd product} {ergonomic}
    uintx ReservedCodeCacheSize                    = 251658240                              {pd product} {ergonomic}
     bool SegmentedCodeCache                       = true                                      {product} {ergonomic}
   size_t SoftMaxHeapSize                          = 2147483648                             {manageable} {ergonomic}
     bool UseCompressedClassPointers               = true                           {product lp64_product} {ergonomic}
     bool UseCompressedOops                        = true                           {product lp64_product} {ergonomic}
     bool UseG1GC                                  = true                                      {product} {ergonomic}
     bool UseLargePagesIndividualAllocation        = false                                  {pd product} {ergonomic}

Logging:
Log output configuration:
 #0: stdout all=warning uptime,level,tags foldmultilines=false
 #1: stderr all=off uptime,level,tags foldmultilines=false

Environment Variables:
JAVA_HOME=C:\Program Files\Java\jdk-19
CLASSPATH=C:\Users\Mr. Lonely\Desktop\CookEasy\android\\gradle\wrapper\gradle-wrapper.jar
PATH=C:\Users\Mr. Lonely\Desktop\CookEasy\node_modules\.bin;C:\Users\Mr. Lonely\Desktop\CookEasy\android\node_modules\.bin;C:\Users\Mr. Lonely\Desktop\CookEasy\node_modules\.bin;C:\Users\Mr. Lonely\Desktop\node_modules\.bin;C:\Users\Mr. Lonely\node_modules\.bin;C:\Users\node_modules\.bin;C:\node_modules\.bin;C:\Users\Mr. Lonely\AppData\Roaming\npm\node_modules\npm\node_modules\@npmcli\run-script\lib\node-gyp-bin;C:\app\MrLonely\product\21c\dbhomeXE\bin;C:\Program Files\Common Files\Oracle\Java\javapath;C:\WINDOWS\system32;C:\WINDOWS;C:\WINDOWS\System32\Wbem;C:\WINDOWS\System32\WindowsPowerShell\v1.0\;C:\WINDOWS\System32\OpenSSH\;C:\Program Files\dotnet\;C:\Program Files\nodejs\;C:\Users\Mr. Lonely\AppData\Local\Android\Sdk\platform-tools;%JAVA_HOME%\bin;%ANDROID_HOME%\platform-tools;%ANDROID_HOME%\build-tools\35.0.0;%ANDROID_HOME%\emulator;C:\Program Files\Git\cmd;C:\Program Files\mingw64\bin;C:\Users\Mr. Lonely\AppData\Local\Microsoft\WindowsApps;C:\Users\Mr. Lonely\.dotnet\tools;C:\Program Files\JetBrains\IntelliJ IDEA Community Edition 2024.3.4\bin;;C:\Users\Mr. Lonely\AppData\Roaming\npm
USERNAME=Mr. Lonely
OS=Windows_NT
PROCESSOR_IDENTIFIER=Intel64 Family 6 Model 142 Stepping 12, GenuineIntel
TMP=C:\Users\MR4C92~1.LON\AppData\Local\Temp
TEMP=C:\Users\MR4C92~1.LON\AppData\Local\Temp



---------------  S Y S T E M  ---------------

OS:
 Windows 11 , 64 bit Build 26100 (10.0.26100.3912)
OS uptime: 7 days 1:47 hours
Hyper-V role detected

CPU: total 8 (initial active 8) (4 cores per cpu, 2 threads per core) family 6 model 142 stepping 12 microcode 0xfc, cx8, cmov, fxsr, ht, mmx, 3dnowpref, sse, sse2, sse3, ssse3, sse4.1, sse4.2, popcnt, lzcnt, tsc, tscinvbit, avx, avx2, aes, erms, clmul, bmi1, bmi2, adx, fma, vzeroupper, clflush, clflushopt, hv, rdtscp

Memory: 4k page, system-wide physical 7998M (479M free)
TotalPageFile size 32538M (AvailPageFile size 91M)
current process WorkingSet (physical memory assigned to process): 522M, peak: 522M
current process commit charge ("private bytes"): 672M, peak: 896M

vm_info: Java HotSpot(TM) 64-Bit Server VM (19.0.1+10-21) for windows-amd64 JRE (19.0.1+10-21), built on 2022-09-14T12:45:06Z by "mach5one" with MS VC++ 17.1 (VS2022)

END.
